{
    "eigs_regret": [
        0.5784551344510507,
        0.5966796947160291,
        0.6367269217486943,
        0.6257761991001467,
        0.6220568753658978,
        0.6351941362020321,
        0.6576819678854859,
        0.6639357442110312,
        0.6580603781927976,
        0.6672238754115615
    ],
    "eigs_max": [
        0.6731145420183781,
        0.6882618189930574,
        0.6571723689310779,
        0.6769036323257308,
        0.6544275014774664,
        0.6813002076981706,
        0.6880799014650764,
        0.6845282663802089,
        0.706810020895331,
        0.6970085824805955
    ],
    "inputs_max": [
        [
            169,
            248,
            36
        ],
        [
            134,
            282,
            82
        ],
        [
            150,
            279,
            48
        ],
        [
            90,
            240,
            126
        ],
        [
            54,
            174,
            161
        ],
        [
            167,
            257,
            40
        ],
        [
            27,
            104,
            208
        ],
        [
            107,
            138,
            21
        ],
        [
            120,
            294,
            105
        ],
        [
            169,
            232,
            29
        ]
    ]
}