{
    "eigs_regret": [
        0.5827519337509234,
        0.5909937314005285,
        0.6172522462274231,
        0.5982463883891285,
        0.62819885470158,
        0.6517426347895463,
        0.6161909982519065,
        0.6514887706511466,
        0.5572912979366604,
        0.6336986056597971
    ],
    "eigs_max": [
        0.66713437604623,
        0.6676974782766454,
        0.647529988982438,
        0.6206456712056456,
        0.652048354801583,
        0.6535992466120975,
        0.6169413382653871,
        0.651718116372204,
        0.5834901840719454,
        0.6620134081179674
    ],
    "inputs_max": [
        [
            92,
            285,
            140
        ],
        [
            61,
            189,
            148
        ],
        [
            88,
            257,
            124
        ],
        [
            81,
            278,
            204
        ],
        [
            51,
            243,
            274
        ],
        [
            122,
            224,
            56
        ],
        [
            76,
            276,
            220
        ],
        [
            88,
            255,
            129
        ],
        [
            65,
            221,
            213
        ],
        [
            88,
            269,
            152
        ]
    ],
    "eigs": [
        0.08438244229530668,
        0.07670374687611693,
        0.0302777427550148,
        0.022399282816517183,
        0.02384950010000301,
        0.0018566118225511962,
        0.0007503400134806427,
        0.0002293457210573344,
        0.026198886135284972,
        0.028314802458170273
    ]
}