{
    "eigs_regret": [
        0.6566024688971018,
        0.6727267323544637,
        0.6123986395553622,
        0.6056326325073984,
        0.6174168788186052,
        0.608937222161632,
        0.6095866280836212,
        0.6427789902989463,
        0.6447430611199694,
        0.5497127754420829
    ],
    "eigs_max": [
        0.6650351274134195,
        0.6974177655841004,
        0.6394729346802115,
        0.6515528625191338,
        0.6605708523075464,
        0.6540712409908369,
        0.6387236866899116,
        0.656930029507084,
        0.6685813245685694,
        0.5826069821516897
    ],
    "inputs_max": [
        [
            162,
            284,
            49
        ],
        [
            179,
            289,
            43
        ],
        [
            106,
            296,
            111
        ],
        [
            82,
            260,
            121
        ],
        [
            134,
            245,
            56
        ],
        [
            117,
            296,
            93
        ],
        [
            167,
            242,
            32
        ],
        [
            82,
            218,
            114
        ],
        [
            82,
            288,
            189
        ],
        [
            60,
            233,
            188
        ]
    ]
}