{
    "eigs_regret": [
        0.539192422103238,
        0.6874676917573382,
        0.6087856260991193,
        0.6674551506059532,
        0.5916347832793603,
        0.6262820599465205,
        0.5899033342725133,
        0.6517588861578897,
        0.6065903000832638,
        0.6241291202202387
    ],
    "eigs_max": [
        0.6345787717470762,
        0.6903926992101673,
        0.6482828570205006,
        0.6686736594697801,
        0.6171968653738863,
        0.6344104930200625,
        0.6123235950892304,
        0.6508503617402823,
        0.6164732986479603,
        0.6496884398167502
    ],
    "inputs_max": [
        [
            135,
            292,
            89
        ],
        [
            112,
            279,
            96
        ],
        [
            84,
            271,
            151
        ],
        [
            168,
            289,
            47
        ],
        [
            185,
            270,
            35
        ],
        [
            88,
            281,
            123
        ],
        [
            139,
            284,
            79
        ],
        [
            154,
            291,
            63
        ],
        [
            64,
            287,
            217
        ],
        [
            63,
            278,
            248
        ]
    ]
}