{
    "eigs_regret": [
        0.6552459964828168,
        0.6293940577817161,
        0.6047714015263518,
        0.5642970253085612,
        0.4495878671510447,
        0.5642059871544364,
        0.5156358656185627,
        0.5830517180646982,
        0.5136506556452982,
        0.4535041223367424
    ],
    "eigs_max": [
        0.6671478942548911,
        0.653424461495752,
        0.6408840539992593,
        0.6610353606420388,
        0.6475309021965765,
        0.6718736126596251,
        0.6419175832267736,
        0.6489461054948501,
        0.5777026461569269,
        0.5065035515559482
    ],
    "inputs_max": [
        [
            162,
            284,
            49
        ],
        [
            179,
            289,
            43
        ],
        [
            42,
            153,
            210
        ],
        [
            94,
            261,
            130
        ],
        [
            188,
            283,
            40
        ],
        [
            88,
            169,
            49
        ],
        [
            126,
            247,
            45
        ],
        [
            149,
            281,
            52
        ],
        [
            53,
            190,
            167
        ],
        [
            60,
            233,
            188
        ]
    ]
}