{
    "eigs_regret": [
        0.6460162253294605,
        0.6712198991016255,
        0.6620164455306399,
        0.6907786715080517,
        0.6112670336281727,
        0.5740282322687447,
        0.5707747867968294,
        0.566943147575823,
        0.5853047430289247,
        0.6045715751252165
    ],
    "eigs_max": [
        0.6462841649378829,
        0.6709393709861142,
        0.6620313495298135,
        0.6940222461637383,
        0.6309513606698369,
        0.6540245134240436,
        0.6547291473201724,
        0.6768026903616267,
        0.6625217137011178,
        0.6577687437372405
    ],
    "inputs_max": [
        [
            135,
            292,
            89
        ],
        [
            68,
            257,
            219
        ],
        [
            84,
            271,
            151
        ],
        [
            168,
            289,
            47
        ],
        [
            177,
            240,
            29
        ],
        [
            65,
            284,
            232
        ],
        [
            139,
            284,
            79
        ],
        [
            154,
            291,
            63
        ],
        [
            158,
            231,
            25
        ],
        [
            39,
            220,
            250
        ]
    ]
}