{
    "eigs_regret": [
        0.6413502300817853,
        0.6623304189937829,
        0.4362826152325529,
        0.5018728093706782,
        0.5213375862685132,
        0.6445972933321684,
        0.2814477716683703,
        0.2908944107600357,
        0.5464223789893012,
        0.5523466306716888
    ],
    "eigs_max": [
        0.6450463855372197,
        0.6786028407338102,
        0.6497916757237305,
        0.6069914966131955,
        0.6459963832557374,
        0.6622278228460452,
        0.5911331684435638,
        0.6044571267916028,
        0.5715338355158981,
        0.5561368050883139
    ],
    "inputs_max": [
        [
            56,
            200,
            221
        ],
        [
            82,
            273,
            153
        ],
        [
            84,
            277,
            158
        ],
        [
            78,
            296,
            107
        ],
        [
            95,
            207,
            50
        ],
        [
            127,
            264,
            40
        ],
        [
            44,
            114,
            61
        ],
        [
            186,
            216,
            5
        ],
        [
            135,
            277,
            23
        ],
        [
            87,
            172,
            26
        ]
    ],
    "eigs": [
        0.003696155455434474,
        0.01627242174002734,
        0.21350906049117763,
        0.1051186872425173,
        0.12465879698722414,
        0.01763052951387673,
        0.30968539677519347,
        0.3135627160315671,
        0.025111456526596895,
        0.003790174416625119
    ]
}