{
    "eigs_regret": [
        0.5672139343291028,
        0.5623183538515283,
        0.5854037386111932,
        0.5987883601143771,
        0.5765290030826464,
        0.6870277466097311,
        0.6796310708705081,
        0.6586941796110363,
        0.6474155808298047,
        0.5617358900932538
    ],
    "eigs_max": [
        0.6574097724373343,
        0.6380402889922323,
        0.6846635130783736,
        0.6743303049896957,
        0.6627973920764564,
        0.6869386581917829,
        0.6802861640000298,
        0.6586941796110363,
        0.6665760515655198,
        0.6815527572457436
    ],
    "inputs_max": [
        [
            163,
            265,
            45
        ],
        [
            98,
            246,
            115
        ],
        [
            105,
            241,
            89
        ],
        [
            173,
            292,
            49
        ],
        [
            81,
            217,
            122
        ],
        [
            147,
            220,
            35
        ],
        [
            102,
            186,
            70
        ],
        [
            38,
            163,
            229
        ],
        [
            139,
            266,
            61
        ],
        [
            73,
            124,
            52
        ]
    ]
}