{
    "eigs_regret": [
        0.6560052452990651,
        0.5993160186385635,
        0.6261120600395234,
        0.6135432222922581,
        0.5793462592541573,
        0.6047928596886694,
        0.6089012696777732,
        0.5755958096645772,
        0.5695722308020594,
        0.6953890512969276
    ],
    "eigs_max": [
        0.6700471912227342,
        0.6317591777916969,
        0.6781341742667825,
        0.6700490169405544,
        0.6892253776552459,
        0.6796175705073199,
        0.6463388534797189,
        0.6769554342555577,
        0.6640627532596393,
        0.7041362528762791
    ],
    "inputs_max": [
        [
            152,
            262,
            47
        ],
        [
            98,
            246,
            115
        ],
        [
            121,
            249,
            64
        ],
        [
            173,
            292,
            49
        ],
        [
            81,
            217,
            122
        ],
        [
            58,
            262,
            276
        ],
        [
            65,
            194,
            148
        ],
        [
            79,
            280,
            198
        ],
        [
            91,
            199,
            100
        ],
        [
            78,
            270,
            191
        ]
    ]
}