{
    "eigs_regret": [
        0.6711579079472781,
        0.6222324967484639,
        0.6208678198101854,
        0.6218006300657554,
        0.5376124279094677,
        0.5873492688239432,
        0.5805976516211812,
        0.6058951247318896,
        0.5753679107214645,
        0.4828211134793782
    ],
    "eigs_max": [
        0.6863254498942863,
        0.6367127986012154,
        0.6509310435115588,
        0.6720720273813591,
        0.6689634206409638,
        0.6467888199484892,
        0.6530312985427458,
        0.6740787746131787,
        0.6408640403165888,
        0.6313747486224649
    ],
    "inputs_max": [
        [
            131,
            255,
            67
        ],
        [
            91,
            269,
            161
        ],
        [
            66,
            247,
            203
        ],
        [
            118,
            273,
            103
        ],
        [
            133,
            290,
            95
        ],
        [
            56,
            266,
            144
        ],
        [
            167,
            269,
            32
        ],
        [
            63,
            186,
            75
        ],
        [
            198,
            296,
            24
        ],
        [
            62,
            219,
            93
        ]
    ]
}