{
    "eigs_regret": [
        0.64599490165675,
        0.6474810315353509,
        0.6313866070104306,
        0.6373443397112872,
        0.621793903078162,
        0.6734106511218912,
        0.5970542651988342,
        0.6127519413393246,
        0.6320188881168469,
        0.6148177571478488
    ],
    "eigs_max": [
        0.6598267296270588,
        0.6745275445232294,
        0.6775867042584239,
        0.6821621774544754,
        0.6597766593171455,
        0.7047027453725625,
        0.636526989723038,
        0.6542909197393153,
        0.6806403428085059,
        0.6670803008261528
    ],
    "inputs_max": [
        [
            169,
            248,
            36
        ],
        [
            107,
            202,
            63
        ],
        [
            78,
            281,
            155
        ],
        [
            90,
            240,
            126
        ],
        [
            54,
            174,
            161
        ],
        [
            167,
            257,
            40
        ],
        [
            80,
            245,
            116
        ],
        [
            62,
            269,
            235
        ],
        [
            120,
            294,
            105
        ],
        [
            169,
            232,
            29
        ]
    ]
}