{
    "eigs_regret": [
        0.6269947222469374,
        0.6351626498851801,
        0.6326656198751037,
        0.6363877239103426,
        0.6442243276553283,
        0.6304239636779336,
        0.6106721018609503,
        0.627843180693721,
        0.6071006519547267,
        0.6224254837372154
    ],
    "eigs_max": [
        0.6531729834973946,
        0.6625011993588179,
        0.6707516363888443,
        0.6777088485410427,
        0.6792951957708401,
        0.6767223733583513,
        0.6612004812643596,
        0.6827503038231039,
        0.6715783933160017,
        0.6783603850550628
    ],
    "inputs_max": [
        [
            131,
            255,
            67
        ],
        [
            91,
            269,
            161
        ],
        [
            66,
            247,
            203
        ],
        [
            65,
            298,
            259
        ],
        [
            88,
            203,
            80
        ],
        [
            35,
            223,
            340
        ],
        [
            78,
            254,
            178
        ],
        [
            95,
            260,
            130
        ],
        [
            83,
            272,
            149
        ],
        [
            117,
            231,
            65
        ]
    ]
}