{
    "eigs_regret": [
        183001.32323928556,
        4092.195340056474,
        4484.81798110215,
        2194.8424876098707,
        72615.45384818366,
        15248.809287787222,
        1129.441361606605,
        15166.678348044332,
        1404161.6211875502,
        13.24638329794057
    ],
    "eigs_max": [
        183001.32323928556,
        4092.195340056474,
        4484.81798110215,
        2194.8424876098707,
        72615.45384818366,
        15248.809287787222,
        1129.441361606605,
        15166.678348044332,
        1404161.6211875502,
        13.24638329794057
    ],
    "inputs_max": [
        [
            -1.0655901392066913,
            -0.24830890987962473
        ],
        [
            0.41003189102250337,
            -1.6504786093866715
        ],
        [
            1.4024679883161166,
            -1.3912309232393554
        ],
        [
            -1.495470042573976,
            -0.7305046675895421
        ],
        [
            -0.21783472634855183,
            -0.14268846086056097
        ],
        [
            0.11061140909552236,
            0.2531033620579146
        ],
        [
            1.0819195296689896,
            0.9066284203818014
        ],
        [
            0.4576233871205222,
            0.2403729514379247
        ],
        [
            0.29304444049558587,
            0.35675374369223567
        ],
        [
            0.635867695384928,
            1.541156304690245
        ]
    ],
    "eigs": [
        0.0,
        0.0,
        0.0,
        0.0,
        0.0,
        0.0,
        0.0,
        0.0,
        0.0,
        0.0
    ]
}