{
    "eigs_regret": [
        6938.512713796957,
        8242.701870890669,
        4526.748348877033,
        1333021.4893709836,
        1200.3793076066397,
        165902.17113088362,
        2280.380710051936,
        42962.32674223673,
        7028.106093947457,
        1365.0560934264627
    ],
    "eigs_max": [
        6938.512713796957,
        8242.701870890669,
        4526.748348877033,
        1333021.4893709836,
        1200.3793076066397,
        165902.17113088362,
        2280.380710051936,
        42962.32674223673,
        7028.106093947457,
        1365.0560934264627
    ],
    "inputs_max": [
        [
            1.5317419148231761,
            -0.1934886394255586
        ],
        [
            -1.058419795762735,
            -1.3861784199738865
        ],
        [
            -0.335438051902643,
            -0.5892499700310694
        ],
        [
            0.4560631038971894,
            0.4848326716383311
        ],
        [
            -1.1690440902488026,
            -0.07681097875536569
        ],
        [
            1.4587398598311032,
            0.24300691156499266
        ],
        [
            -0.23323074996080306,
            0.8519795249001243
        ],
        [
            0.5228313939336147,
            0.457166498468919
        ],
        [
            -0.5236355302686038,
            -0.7689616087467406
        ],
        [
            -0.5955238521839332,
            -0.8944815067097642
        ]
    ],
    "eigs": [
        0.0,
        0.0,
        0.0,
        0.0,
        0.0,
        0.0,
        0.0,
        0.0,
        0.0,
        0.0
    ]
}