{
    "eigs_regret": [
        331.94229178402236,
        6668.261695415873,
        32.84750894704755,
        177.4165268334939,
        497572.225177812,
        176.2060594954454,
        758.3573108623042,
        26.760116169487706,
        62561.3834451873,
        36.899495418257814
    ],
    "eigs_max": [
        331.94229178402236,
        6668.261695415873,
        32.84750894704755,
        177.4165268334939,
        497572.225177812,
        176.2060594954454,
        758.3573108623042,
        26.760116169487706,
        62561.3834451873,
        36.899495418257814
    ],
    "inputs_max": [
        [
            -1.1842216316128198,
            -0.5024100455430536
        ],
        [
            1.3096895893973195,
            0.5598274725530112
        ],
        [
            -0.5351497045217197,
            -0.023026374484108825
        ],
        [
            -0.9833918132559072,
            -0.7687889099883596
        ],
        [
            0.3244319551358723,
            0.5513601843975637
        ],
        [
            0.6771689607620108,
            0.5045202805525313
        ],
        [
            -0.26672613496922315,
            0.663217857911039
        ],
        [
            -0.789644280664088,
            -1.4610288070073723
        ],
        [
            -0.48689407169597043,
            1.1346874423518276
        ],
        [
            1.3869416697916321,
            0.0597569616838447
        ]
    ],
    "eigs": [
        0.0,
        0.0,
        0.0,
        0.0,
        0.0,
        0.0,
        0.0,
        0.0,
        0.0,
        0.0
    ]
}