{
    "eigs_regret": [
        331.94229178402236,
        369.92887879035794,
        13847.125847039682,
        1115.0489194879547,
        739727.764821753,
        267650.9327295064,
        355.1385515306684,
        241.04837412588515,
        5668.466929622549,
        5007.422237728358
    ],
    "eigs_max": [
        331.94229178402236,
        369.92887879035794,
        13847.125847039682,
        1115.0489194879547,
        739727.764821753,
        267650.9327295064,
        355.1385515306684,
        241.04837412588515,
        5668.466929622549,
        5007.422237728358
    ],
    "inputs_max": [
        [
            -1.1842216316128198,
            -0.5024100455430536
        ],
        [
            -0.20518563045920235,
            1.887195210986524
        ],
        [
            0.23211628444232257,
            -0.37474049935088427
        ],
        [
            1.369872570562272,
            -0.885825585742186
        ],
        [
            0.3244319551358723,
            0.5513601843975637
        ],
        [
            0.6771689607620108,
            0.5045202805525313
        ],
        [
            0.4683881451440097,
            -0.7011120689926518
        ],
        [
            -1.6648283241215456,
            0.34691987098503185
        ],
        [
            0.9211624519809694,
            -0.8804007816548873
        ],
        [
            0.2828978775672746,
            -1.170747957564977
        ]
    ],
    "eigs": [
        0.0,
        0.0,
        0.0,
        0.0,
        0.0,
        0.0,
        0.0,
        0.0,
        0.0,
        0.0
    ]
}