{
    "eigs_regret": [
        183001.32323928556,
        2254.850645096695,
        699.2885193481459,
        1508.267142665658,
        4003.357302076108,
        280333.09717638424,
        343961.83823477535,
        18815.477657916945,
        5659.503601621294,
        13503.287869236934
    ],
    "eigs_max": [
        183001.32323928556,
        2254.850645096695,
        699.2885193481459,
        1508.267142665658,
        4003.357302076108,
        280333.09717638424,
        343961.83823477535,
        18815.477657916945,
        5659.503601621294,
        13503.287869236934
    ],
    "inputs_max": [
        [
            -1.0655901392066913,
            -0.24830890987962473
        ],
        [
            -1.806786484586972,
            1.304128879532267
        ],
        [
            -1.3981936679817477,
            -1.4264786331165515
        ],
        [
            -0.04549597296072383,
            0.3853967838441892
        ],
        [
            0.7570360917195571,
            0.2006986087507463
        ],
        [
            0.7115789307984803,
            -0.20807368102682533
        ],
        [
            1.0819195296689896,
            0.9066284203818014
        ],
        [
            -0.08635491926193195,
            0.3806767943910714
        ],
        [
            1.3472800437961507,
            0.7412002672515836
        ],
        [
            0.635867695384928,
            1.541156304690245
        ]
    ],
    "eigs": [
        0.0,
        0.0,
        0.0,
        0.0,
        0.0,
        0.0,
        0.0,
        0.0,
        0.0,
        0.0
    ]
}