{
    "eigs_regret": [
        183001.32323928556,
        1366.3660752196427,
        1623.5976000695377,
        247724.07965893607,
        46562.35956701796,
        12842.918780811679,
        1035.866104242777,
        16498.177980549986,
        1998.3343077629647,
        274.787593525276
    ],
    "eigs_max": [
        183001.32323928556,
        1366.3660752196427,
        1623.5976000695377,
        247724.07965893607,
        46562.35956701796,
        12842.918780811679,
        1035.866104242777,
        16498.177980549986,
        1998.3343077629647,
        274.787593525276
    ],
    "inputs_max": [
        [
            -1.0655901392066913,
            -0.24830890987962473
        ],
        [
            -1.0515996435188204,
            -0.11029641950419489
        ],
        [
            0.4298723761903074,
            0.21838664275413056
        ],
        [
            -0.04549597296072383,
            0.3853967838441892
        ],
        [
            -0.21783472634855183,
            -0.14268846086056097
        ],
        [
            0.11061140909552236,
            0.2531033620579146
        ],
        [
            1.0819195296689896,
            0.9066284203818014
        ],
        [
            -0.08635491926193195,
            0.3806767943910714
        ],
        [
            0.9335963149902948,
            0.596242574870105
        ],
        [
            -1.1711613119225484,
            1.634359081181516
        ]
    ],
    "eigs": [
        0.0,
        0.0,
        0.0,
        0.0,
        0.0,
        0.0,
        0.0,
        0.0,
        0.0,
        0.0
    ]
}