{
    "eigs_regret": [
        12272.544034261473,
        600.5096325310169,
        9221.822792340201,
        988.8945199784167,
        39.28568632241742,
        606.9184005066859,
        3861.1431901655487,
        8032.493467483119,
        58524.11061830127,
        3451.6708664287385
    ],
    "eigs_max": [
        12272.544034261473,
        600.5096325310169,
        9221.822792340201,
        988.8945199784167,
        39.28568632241742,
        606.9184005066859,
        3861.1431901655487,
        8032.493467483119,
        58524.11061830127,
        3451.6708664287385
    ],
    "inputs_max": [
        [
            0.4323152775609356,
            -0.14231810761615193
        ],
        [
            -0.33529082014038414,
            0.7303931657701477
        ],
        [
            0.0678525022983898,
            0.7024726704245272
        ],
        [
            -0.1779398527281768,
            0.8681570251445989
        ],
        [
            -1.242837486360275,
            -1.235698227480749
        ],
        [
            -1.0559714607781552,
            -0.3256638897953339
        ],
        [
            -0.18843901060722867,
            -0.5233712524202963
        ],
        [
            -1.3628806876462094,
            -0.1804525260851566
        ],
        [
            1.3662067441759742,
            0.237143360033087
        ],
        [
            -0.5283719685374368,
            -1.400743616676965
        ]
    ],
    "eigs": [
        0.0,
        0.0,
        0.0,
        0.0,
        0.0,
        0.0,
        0.0,
        0.0,
        0.0,
        0.0
    ]
}