{
    "eigs_regret": [
        997.670369855665,
        1387.643410512064,
        3509.4763231265083,
        271.41896328346513,
        514.8774055876207,
        9974.250788648953,
        199.38831645550775,
        1087.1522847567596,
        23058.319727076116,
        39671.462990855696
    ],
    "eigs_max": [
        997.670369855665,
        1387.643410512064,
        3509.4763231265083,
        271.41896328346513,
        514.8774055876207,
        9974.250788648953,
        199.38831645550775,
        1087.1522847567596,
        23058.319727076116,
        39671.462990855696
    ],
    "inputs_max": [
        [
            -1.18140546384863,
            0.4770838654026548
        ],
        [
            0.4247234817811947,
            0.6628325363504999
        ],
        [
            0.8917862612965313,
            0.6295401671524594
        ],
        [
            -0.30262724306185174,
            1.4831559244951347
        ],
        [
            0.167238475350028,
            -0.5513966105111483
        ],
        [
            0.4303492729913403,
            0.3445294714745666
        ],
        [
            -1.6774419641787128,
            0.05091405824444095
        ],
        [
            -0.32350632125009104,
            0.1615877870694491
        ],
        [
            -0.022081928708221454,
            0.9373857694773378
        ],
        [
            0.6414099353001967,
            -1.048766655115109
        ]
    ],
    "eigs": [
        0.0,
        0.0,
        0.0,
        0.0,
        0.0,
        0.0,
        0.0,
        0.0,
        0.0,
        0.0
    ]
}