{
    "eigs_regret": [
        183001.32323928556,
        1116.315012404696,
        10629.571312750135,
        82.2856052830412,
        6296.811741773297,
        8641.287779887794,
        3519.330663165315,
        675220.7130133498,
        43432.87881750547,
        101.93929803905468
    ],
    "eigs_max": [
        183001.32323928556,
        1116.315012404696,
        10629.571312750135,
        82.2856052830412,
        6296.811741773297,
        8641.287779887794,
        3519.330663165315,
        675220.7130133498,
        43432.87881750547,
        101.93929803905468
    ],
    "inputs_max": [
        [
            -1.0655901392066913,
            -0.24830890987962473
        ],
        [
            0.1739818216661,
            -0.5013536652965351
        ],
        [
            0.4298723761903074,
            0.21838664275413056
        ],
        [
            -1.0661567296201184,
            1.7105360211309755
        ],
        [
            -0.21783472634855183,
            -0.14268846086056097
        ],
        [
            0.11061140909552236,
            0.2531033620579146
        ],
        [
            -1.1416591427339742,
            -1.7869801240199816
        ],
        [
            0.4576233871205222,
            0.2403729514379247
        ],
        [
            0.29304444049558587,
            0.35675374369223567
        ],
        [
            1.1785384770591638,
            0.1342548281134044
        ]
    ],
    "eigs": [
        0.0,
        0.0,
        0.0,
        0.0,
        0.0,
        0.0,
        0.0,
        0.0,
        0.0,
        0.0
    ]
}