{
    "eigs_regret": [
        997.670369855665,
        9049.982295497985,
        4445.567362171367,
        1248.8772377690725,
        4957.883006276486,
        606233.7341048825,
        32.30373033145987,
        4262.141983974638,
        643.7499543961626,
        121.96930038827777
    ],
    "eigs_max": [
        997.670369855665,
        9049.982295497985,
        4445.567362171367,
        1248.8772377690725,
        4957.883006276486,
        606233.7341048825,
        32.30373033145987,
        4262.141983974638,
        643.7499543961626,
        121.96930038827777
    ],
    "inputs_max": [
        [
            -1.18140546384863,
            0.4770838654026548
        ],
        [
            -0.18800210517935412,
            1.02698169962789
        ],
        [
            1.0605274240089284,
            0.05352774859017906
        ],
        [
            -0.30262724306185174,
            1.4831559244951347
        ],
        [
            0.167238475350028,
            -0.5513966105111483
        ],
        [
            0.4303492729913403,
            0.3445294714745666
        ],
        [
            -1.6774419641787128,
            0.05091405824444095
        ],
        [
            -0.32350632125009104,
            0.1615877870694491
        ],
        [
            -0.6472363752137924,
            -0.4864649849336602
        ],
        [
            0.28189764703961684,
            -1.49257798867214
        ]
    ],
    "eigs": [
        0.0,
        0.0,
        0.0,
        0.0,
        0.0,
        0.0,
        0.0,
        0.0,
        0.0,
        0.0
    ]
}