{
    "eigs_regret": [
        12272.544034261473,
        51023.89369802146,
        484318.9850293843,
        11.99720857441059,
        70.4215037937573,
        373.59503503407336,
        58379.49475732982,
        4360.314345871639,
        38881.05790815819,
        25.233103382257124
    ],
    "eigs_max": [
        12272.544034261473,
        51023.89369802146,
        484318.9850293843,
        11.99720857441059,
        70.4215037937573,
        373.59503503407336,
        58379.49475732982,
        4360.314345871639,
        38881.05790815819,
        25.233103382257124
    ],
    "inputs_max": [
        [
            0.4323152775609356,
            -0.14231810761615193
        ],
        [
            -0.33529082014038414,
            0.7303931657701477
        ],
        [
            0.470483681608612,
            0.40108643780950537
        ],
        [
            -0.6368053189253811,
            1.8365454750343884
        ],
        [
            0.9212398560040578,
            1.5535435649364784
        ],
        [
            -0.6153214541008794,
            -1.2573194498105558
        ],
        [
            -0.18843901060722867,
            -0.5233712524202963
        ],
        [
            0.70437749169231,
            -0.5190262314153076
        ],
        [
            1.5666435946498618,
            -0.21917867268099656
        ],
        [
            -0.008352867101300454,
            1.778180613383999
        ]
    ],
    "eigs": [
        0.0,
        0.0,
        0.0,
        0.0,
        0.0,
        0.0,
        0.0,
        0.0,
        0.0,
        0.0
    ]
}