{
    "eigs_regret": [
        6938.512713796957,
        221.8522262932292,
        334.460164396269,
        142687.7274851603,
        277.48771527052963,
        201.85954895997367,
        4924.067572444173,
        59.756043422184234,
        22709.647949638664,
        28241.56001357527
    ],
    "eigs_max": [
        6938.512713796957,
        221.8522262932292,
        334.460164396269,
        142687.7274851603,
        277.48771527052963,
        201.85954895997367,
        4924.067572444173,
        59.756043422184234,
        22709.647949638664,
        28241.56001357527
    ],
    "inputs_max": [
        [
            1.5317419148231761,
            -0.1934886394255586
        ],
        [
            0.924284098102127,
            -0.3151664685663058
        ],
        [
            1.2754556928916658,
            -0.3734167252485321
        ],
        [
            0.3566043039328557,
            0.25002334534101145
        ],
        [
            -0.5576306459156455,
            -0.8144599440067561
        ],
        [
            -0.5399897969972969,
            0.7363725118488325
        ],
        [
            0.3973723781893228,
            -0.0022287807637351165
        ],
        [
            1.2714929240803206,
            -0.5169334804501622
        ],
        [
            -0.5236355302686038,
            -0.7689616087467406
        ],
        [
            -0.09142050240812827,
            0.7223345362640394
        ]
    ],
    "eigs": [
        0.0,
        0.0,
        0.0,
        0.0,
        0.0,
        0.0,
        0.0,
        0.0,
        0.0,
        0.0
    ]
}