{
    "eigs_regret": [
        0.05920123758779283,
        0.7085772663777978,
        0.9627628862857736,
        0.14613019655411896,
        0.3194438017514989,
        0.45779647140724855,
        0.021849210641020633,
        0.11948108015511602,
        0.09332074607610899,
        0.1669080736801807
    ],
    "eigs_max": [
        2.469492995355553,
        1.1169488837902688,
        0.9700712069659672,
        0.940217230053877,
        0.6509049624410799,
        0.7186680607268188,
        0.49863654458116463,
        0.3054196259401904,
        0.2987988045988278,
        0.29629869331152525
    ],
    "inputs_max": [
        2.5098978437780612,
        1.4951223546360415,
        1.5902222548898337,
        1.5058531564545157,
        3.3661961026735425,
        3.2050305837219435,
        3.099495864963931,
        3.1867003679110146,
        3.2556817139415557,
        3.3013933015533787
    ],
    "eigs": [
        2.41029175776776,
        0.4083716174124709,
        0.007308320680193563,
        0.7940870334997581,
        0.331461160689581,
        0.2608715893195702,
        0.476787333940144,
        0.18593854578507438,
        0.2054780585227188,
        0.12939061963134454
    ]
}