{
    "eigs_regret": [
        0.041966665468148534,
        0.5842720079463384,
        0.8390063623471462,
        0.14285205131935963,
        0.42810061706195607,
        0.03659294477109026,
        0.09730648627577343,
        0.10039105668835832,
        0.12968668908829656,
        0.07521537446174434
    ],
    "eigs_max": [
        2.419798185351796,
        0.9386453139387747,
        0.839006357674014,
        0.8588170189747073,
        0.43231819972322627,
        0.3957234376677046,
        0.3895724428544629,
        0.294323861310238,
        0.25364506534824527,
        0.20345696022605922
    ],
    "inputs_max": [
        2.497248367455285,
        1.4000806666398153,
        1.3482702461352136,
        1.3868065719890939,
        1.422692351927074,
        2.3922800970624127,
        2.5986267397765586,
        2.5376365145450244,
        2.600494918896517,
        2.2733483505182823
    ],
    "eigs": [
        2.3778315198836473,
        0.3543733059924364,
        -4.673132223141426e-09,
        0.7159649676553477,
        0.004217582661270194,
        0.35913049289661436,
        0.2922659565786895,
        0.1939328046218797,
        0.12395837625994872,
        0.12824158576431488
    ]
}