{
    "eigs_regret": [
        0.053360629344665345,
        0.048893920559278325,
        0.16692231810145552,
        0.4420080008173226,
        0.343033230160678,
        0.02842997297958455,
        0.08514796700293997,
        0.06113439821920563,
        0.07404508230487492,
        0.08993301332188536
    ],
    "eigs_max": [
        2.5224998864786614,
        0.9351903338693649,
        0.4524471014844904,
        0.4445958881275138,
        0.42571247359431236,
        0.37408325501121065,
        0.2423546115533276,
        0.24449995958088389,
        0.23774300521828196,
        0.24240900855517192
    ],
    "inputs_max": [
        2.378690075259136,
        1.3398828994379752,
        2.01584388374495,
        2.339378619004231,
        2.331028663270729,
        2.1507475205246966,
        2.2394321828849066,
        2.218694486793482,
        2.3545055816929144,
        2.395871159402091
    ],
    "eigs": [
        2.469139257133996,
        0.8862964133100866,
        0.2855247833830349,
        0.0025878873101912313,
        0.08267924343363439,
        0.3456532820316261,
        0.15720664455038763,
        0.18336556136167825,
        0.16369792291340704,
        0.15247599523328656
    ]
}