{
    "eigs_regret": [
        0.06697830761440926,
        0.6262802767460911,
        0.8904709423364842,
        0.0805408807111665,
        0.2568080583082507,
        0.04072997447573806,
        0.005407344745158027,
        0.23435843423659322,
        0.08517292662345696,
        0.07997237350959896
    ],
    "eigs_max": [
        2.4001589340116523,
        0.9718245823292987,
        0.8904709450751854,
        0.8239261320215185,
        0.4459731331462568,
        0.43330629408751137,
        0.2992801030579115,
        0.23490932630030334,
        0.24480207629470618,
        0.2527797152034996
    ],
    "inputs_max": [
        2.3724276189848963,
        1.369391488456403,
        1.3496342043779626,
        1.2356802457296383,
        1.4944286303543746,
        1.434826196241083,
        1.2253025710546628,
        2.575789476714296,
        2.426997028541431,
        2.369838452711894
    ],
    "eigs": [
        2.333180626397243,
        0.3455443055832076,
        2.7387012467183674e-09,
        0.743385251310352,
        0.18916507483800613,
        0.3925763196117733,
        0.29387275831275345,
        0.0005508920637101308,
        0.15962914967124922,
        0.17280734169390066
    ]
}