{
    "eigs_regret": [
        1.9640013089024861,
        2.455604170966994,
        0.07110268696041899,
        0.12255801966309543,
        0.007666552504017876,
        0.2951346102752524,
        0.14095567683497637,
        0.056593075405420246,
        0.06579461161794542,
        0.02242148403651989
    ],
    "eigs_max": [
        2.3582844229245365,
        2.50308546885118,
        2.5037001641853456,
        0.8359094131992549,
        0.4314832838446835,
        0.29622466610833964,
        0.3223212594474348,
        0.32519023418620147,
        0.21574411356444484,
        0.23215401201637872
    ],
    "inputs_max": [
        2.247507184936395,
        2.188988407661661,
        2.289717455623557,
        1.3550087146883005,
        1.4570121313366413,
        1.4387381229232337,
        1.4094440362678617,
        1.1978745676117093,
        2.4312487137128764,
        2.2378437803357256
    ],
    "eigs": [
        0.39428311402205046,
        0.0474812978841862,
        2.4325974772249266,
        0.7133513935361595,
        0.4238167313406656,
        0.0010900558330872697,
        0.18136558261245841,
        0.2685971587807812,
        0.14994950194649942,
        0.20973252797985883
    ]
}