{
    "eigs_regret": [
        2.1603332278864182,
        2.4580009489541728,
        0.13192927886285633,
        0.14864925050538536,
        0.04698761034541904,
        0.18070853677057835,
        0.18582464108157548,
        0.22853470054244399,
        0.0635525095191603,
        0.21204200096430184
    ],
    "eigs_max": [
        2.4860010158390096,
        2.492085140915813,
        2.4617399190706135,
        0.9028963410975988,
        0.4650044803731797,
        0.4461382865486586,
        0.38435017128530935,
        0.37724063632046057,
        0.43558474379527673,
        0.22499047135182
    ],
    "inputs_max": [
        2.306609184262467,
        2.271105812926326,
        2.303427556457991,
        1.4204263345113977,
        1.5937149780744275,
        2.607323512681437,
        2.7282947701386417,
        2.7361868777204483,
        2.8794884989586578,
        2.63204877073747
    ],
    "eigs": [
        0.3256677879525912,
        0.034084191961640364,
        2.329810640207757,
        0.7542470905922134,
        0.41801687002776067,
        0.26542974977808026,
        0.19852553020373387,
        0.14870593577801658,
        0.3720322342761164,
        0.012948470387518153
    ]
}