{
    "eigs_regret": [
        0.14420103550626262,
        0.5944184828855235,
        0.9525268138387968,
        0.044021170805382925,
        0.3490015145549912,
        0.102218563066449,
        0.04913342773029078,
        0.06379531022115897,
        0.07269520216509329,
        0.2049038864736259
    ],
    "eigs_max": [
        2.495272894137848,
        0.9451694621639845,
        0.9525272449975289,
        0.9065170563807976,
        0.4279095857164269,
        0.4185645621185653,
        0.36064360854201777,
        0.2617656198516766,
        0.21125031844147366,
        0.20589402971795714
    ],
    "inputs_max": [
        2.2929056421995773,
        1.605103206992664,
        1.447104717497466,
        1.3726179396528404,
        2.6753361822741843,
        1.6121061107857222,
        2.626081700492064,
        2.648078163925478,
        2.6874979944557293,
        2.8047729047430066
    ],
    "eigs": [
        2.3510718586315855,
        0.350750979278461,
        4.311587321786419e-07,
        0.8624958855754147,
        0.07890807116143571,
        0.3163459990521163,
        0.311510180811727,
        0.19797030963051765,
        0.13855511627638037,
        0.0009901432443312483
    ]
}