{
    "eigs_regret": [
        0.041806040819955204,
        0.6416655232868922,
        0.8463558836263235,
        0.09999126653805301,
        0.2622114578567203,
        0.08225517250745862,
        0.07694131489828837,
        0.14158580139872048,
        0.220704958285142,
        0.0758747990251947
    ],
    "eigs_max": [
        2.3896236504699564,
        0.9744415006170986,
        0.8463558887518975,
        0.8593048173320497,
        0.4380601646023248,
        0.45082781151981793,
        0.3741366901639111,
        0.2870684305299595,
        0.22240152064481783,
        0.24698671298751168
    ],
    "inputs_max": [
        2.447109280939574,
        1.3751663108445034,
        1.2573870272446308,
        1.2960760470686288,
        1.4304430179238847,
        1.948648303595553,
        2.4469800723946027,
        2.645479859040804,
        2.4183816114662244,
        2.4945869608161657
    ],
    "eigs": [
        2.347817609650001,
        0.33277597733020636,
        5.125574009014788e-09,
        0.7593135507939966,
        0.17584870674560446,
        0.3685726390123593,
        0.29719537526562273,
        0.14548262913123902,
        0.0016965623596758201,
        0.17111191396231698
    ]
}