{
    "eigs_regret": [
        0.012065997684961083,
        0.6466610510194518,
        0.8888507589282426,
        0.13304583720789853,
        0.057988131443021895,
        0.09030167606873263,
        0.09338287842092108,
        0.1445934780524183,
        0.21969980785821058,
        0.1808147674164237
    ],
    "eigs_max": [
        2.447417440704511,
        1.005659945305624,
        0.8888507290534629,
        0.8538627330534275,
        0.45636659046686345,
        0.37880391234819194,
        0.28791986090049976,
        0.2918558310522758,
        0.31202731918668963,
        0.285859952932522
    ],
    "inputs_max": [
        2.325522847679568,
        1.424090014731273,
        1.2946831601270188,
        1.401291174437596,
        2.0467645675408113,
        2.6741304004098376,
        2.5684365605014685,
        2.5472832726378147,
        2.626286808936498,
        2.700132458693647
    ],
    "eigs": [
        2.4353514430195498,
        0.35899889428617227,
        -2.987477977663282e-08,
        0.720816895845529,
        0.39837845902384156,
        0.2885022362794593,
        0.19453698247957868,
        0.14726235299985752,
        0.09232751132847906,
        0.10504518551609829
    ]
}