{
    "eigs_regret": [
        1.9884745060641236,
        -0.008472891084545964,
        0.9764255042947868,
        0.1896115608884722,
        0.09568467281153864,
        0.29667086635188805,
        0.4411040280729189,
        0.07602757359767998,
        0.08590825568482413,
        0.15527061601888537
    ],
    "eigs_max": [
        2.3627764311061763,
        2.3512072433543563,
        0.9767051335311304,
        1.0016057450623255,
        0.5305973487043802,
        0.5521662592823577,
        0.5411748202906533,
        0.525735988428863,
        0.28556929064593206,
        0.2615908369538877
    ],
    "inputs_max": [
        2.25185791092081,
        2.5261707953829875,
        1.5490916458199933,
        1.52563229828089,
        3.008543236184675,
        2.9565135759274392,
        3.0767993360398243,
        2.8916803062330354,
        3.1265084567353023,
        3.181318457985389
    ],
    "eigs": [
        0.3743019250420526,
        2.3596801344389022,
        0.000279629236343631,
        0.8119941841738533,
        0.4349126758928416,
        0.2554953929304697,
        0.10007079221773446,
        0.44970841483118307,
        0.19966103496110793,
        0.10632022093500232
    ]
}