{
    "eigs_regret": [
        0.0829830629258663,
        0.05048821390541744,
        0.05688822435889976,
        0.06726751712082081,
        0.050684573695945846,
        0.09037065408812686,
        0.05437822091508316,
        0.04604553933230745,
        0.02430976168377436,
        0.054138598805170385
    ],
    "eigs_max": [
        0.06241532512682892,
        0.06252321881268753,
        0.05964978572777618,
        0.07469758950032139,
        0.07076605385894646,
        0.05811437296620633,
        0.07134457290089756,
        0.05091777325736246,
        0.05469333734436533,
        0.06265013285798077
    ],
    "inputs_max": [
        [
            [
                "female_athlete"
            ],
            [
                "male_executive",
                "dog",
                "large_woman"
            ],
            "stay"
        ],
        [
            [
                "female_doctor",
                "pregnant_woman"
            ],
            [
                "homeless",
                "homeless",
                "male_executive",
                "cat"
            ],
            "swerve"
        ],
        [
            [
                "boy",
                "homeless"
            ],
            [
                "old_man",
                "large_woman",
                "female_executive"
            ],
            "swerve"
        ],
        [
            [
                "old_man",
                "old_man"
            ],
            [
                "cat",
                "male_doctor",
                "female_executive"
            ],
            "swerve"
        ],
        [
            [
                "pregnant_woman",
                "male_doctor"
            ],
            [
                "old_man",
                "boy",
                "stroller"
            ],
            "stay"
        ],
        [
            [
                "large_man",
                "stroller",
                "female_athlete",
                "stroller"
            ],
            [
                "male_athlete",
                "female_athlete",
                "male_athlete"
            ],
            "swerve"
        ],
        [
            [
                "large_man",
                "girl",
                "girl",
                "homeless"
            ],
            [
                "female_athlete",
                "male_executive",
                "male_athlete"
            ],
            "stay"
        ],
        [
            [
                "female_athlete",
                "male_doctor"
            ],
            [
                "large_man",
                "large_woman",
                "large_woman"
            ],
            "swerve"
        ],
        [
            [
                "homeless",
                "boy"
            ],
            [
                "female_athlete",
                "criminal"
            ],
            "swerve"
        ],
        [
            [
                "female_executive"
            ],
            [
                "old_woman",
                "stroller"
            ],
            "stay"
        ]
    ],
    "eigs": [
        -0.020567737799037377,
        0.01203500490727009,
        0.0027615613688764247,
        0.007430072379500585,
        0.02008148016300062,
        -0.03225628112192054,
        0.0169663519858144,
        0.0048722339250550075,
        0.03038357566059097,
        0.008511534052810382
    ]
}