{
    "eigs_regret": [
        0.0630640465922205,
        0.06425956190424358,
        0.03596835789294345,
        0.038997854371187426,
        0.05447951929422953,
        0.043263758100680325,
        0.02733017809453818,
        0.04190691073298665,
        0.0503822154981262,
        0.0306131394645784
    ],
    "eigs_max": [
        0.05687599757157592,
        0.0725720521183733,
        0.05049870709001095,
        0.046548905907530864,
        0.05319502494829018,
        0.059495405983144796,
        0.06304733119351372,
        0.05317462382709901,
        0.055918741015865164,
        0.06264892203087237
    ],
    "inputs_max": [
        [
            [
                "male_executive",
                "large_man",
                "female_executive"
            ],
            [
                "female_doctor",
                "female_doctor",
                "female_athlete"
            ],
            "swerve"
        ],
        [
            [
                "female_doctor",
                "dog",
                "large_man"
            ],
            [
                "dog",
                "stroller",
                "homeless"
            ],
            "stay"
        ],
        [
            [
                "girl",
                "criminal",
                "large_man",
                "large_woman"
            ],
            [
                "female_executive",
                "male_athlete",
                "male_doctor",
                "male_executive"
            ],
            "swerve"
        ],
        [
            [
                "pregnant_woman",
                "stroller",
                "criminal",
                "old_woman"
            ],
            [
                "boy",
                "male_athlete",
                "pregnant_woman",
                "female_athlete"
            ],
            "stay"
        ],
        [
            [
                "large_woman",
                "dog",
                "large_woman"
            ],
            [
                "male_doctor",
                "old_man"
            ],
            "stay"
        ],
        [
            [
                "female_athlete",
                "large_man",
                "criminal"
            ],
            [
                "girl",
                "dog",
                "girl",
                "male_executive"
            ],
            "swerve"
        ],
        [
            [
                "female_doctor",
                "pregnant_woman"
            ],
            [
                "old_man",
                "large_woman",
                "stroller"
            ],
            "swerve"
        ],
        [
            [
                "stroller",
                "criminal",
                "cat",
                "male_doctor"
            ],
            [
                "female_athlete",
                "girl"
            ],
            "swerve"
        ],
        [
            [
                "stroller",
                "homeless"
            ],
            [
                "large_woman",
                "old_man",
                "boy"
            ],
            "stay"
        ],
        [
            [
                "old_woman",
                "female_athlete"
            ],
            [
                "stroller",
                "female_doctor",
                "large_woman"
            ],
            "stay"
        ]
    ],
    "eigs": [
        -0.006188049020644575,
        0.00831249021412972,
        0.014530349197067496,
        0.007551051536343436,
        -0.0012844943459393466,
        0.016231647882464468,
        0.03571715309897554,
        0.011267713094112359,
        0.0055365255177389616,
        0.03203578256629397
    ]
}