{
    "eigs_regret": [
        0.04406965039138775,
        0.04311958096632174,
        0.048197198664620286,
        0.03021992855244979,
        0.05007790037816719,
        0.06291474840636818,
        0.01071418706237827,
        0.06557746541938068,
        0.04250657939058062,
        0.08342492750648339
    ],
    "eigs_max": [
        0.05770386906527162,
        0.05742571326989969,
        0.052777886811555014,
        0.05652068565731914,
        0.047882305717578164,
        0.052821227239186724,
        0.05731075196652582,
        0.07218114430496642,
        0.06242092253191048,
        0.059505343479140424
    ],
    "inputs_max": [
        [
            [
                "female_executive"
            ],
            [
                "male_executive",
                "large_man"
            ],
            "stay"
        ],
        [
            [
                "dog",
                "pregnant_woman"
            ],
            [
                "cat",
                "female_athlete"
            ],
            "swerve"
        ],
        [
            [
                "large_man",
                "boy",
                "dog",
                "pregnant_woman"
            ],
            [
                "old_woman",
                "female_athlete"
            ],
            "stay"
        ],
        [
            [
                "large_man",
                "girl",
                "old_man"
            ],
            [
                "male_athlete"
            ],
            "swerve"
        ],
        [
            [
                "male_executive",
                "male_executive",
                "male_executive",
                "large_woman"
            ],
            [
                "male_athlete",
                "female_athlete"
            ],
            "swerve"
        ],
        [
            [
                "girl"
            ],
            [
                "male_executive"
            ],
            "stay"
        ],
        [
            [
                "criminal",
                "female_athlete"
            ],
            [
                "male_doctor"
            ],
            "swerve"
        ],
        [
            [
                "old_woman",
                "dog",
                "old_woman"
            ],
            [
                "dog",
                "male_executive",
                "pregnant_woman",
                "male_doctor"
            ],
            "stay"
        ],
        [
            [
                "boy",
                "old_woman",
                "male_athlete",
                "large_man"
            ],
            [
                "pregnant_woman",
                "female_athlete",
                "female_athlete"
            ],
            "swerve"
        ],
        [
            [
                "criminal"
            ],
            [
                "dog",
                "male_doctor",
                "male_executive"
            ],
            "swerve"
        ]
    ],
    "eigs": [
        0.013634218673883869,
        0.014306132303577947,
        0.0045806881469347294,
        0.026300757104869347,
        -0.002195594660589021,
        -0.01009352116718146,
        0.04659656490414755,
        0.006603678885585731,
        0.01991434314132986,
        -0.023919584027342972
    ]
}