{
    "eigs_regret": [
        0.0045580284575111665,
        0.04398882245178783,
        0.022034733555779673,
        0.06970825717660305,
        0.046508719935381235,
        0.04644895011114802,
        0.05164776841162387,
        0.0407898709072074,
        0.03862741689993776,
        0.03448898225147523
    ],
    "eigs_max": [
        0.05619352276286046,
        0.06357195404431604,
        0.05589527341117366,
        0.07660562465268579,
        0.054021635047988376,
        0.06752978054051892,
        0.07308671267523184,
        0.05176695188701125,
        0.06474516462127233,
        0.06601147848994758
    ],
    "inputs_max": [
        [
            [
                "boy"
            ],
            [
                "stroller",
                "girl",
                "large_man"
            ],
            "stay"
        ],
        [
            [
                "criminal",
                "cat",
                "girl",
                "cat"
            ],
            [
                "male_doctor",
                "male_doctor"
            ],
            "stay"
        ],
        [
            [
                "male_doctor",
                "boy",
                "female_athlete",
                "stroller"
            ],
            [
                "girl",
                "female_doctor",
                "male_executive",
                "female_doctor"
            ],
            "stay"
        ],
        [
            [
                "criminal",
                "boy",
                "homeless",
                "large_man"
            ],
            [
                "pregnant_woman",
                "female_executive",
                "large_woman",
                "large_woman"
            ],
            "stay"
        ],
        [
            [
                "large_woman",
                "male_doctor",
                "cat"
            ],
            [
                "homeless",
                "boy"
            ],
            "stay"
        ],
        [
            [
                "female_executive",
                "boy",
                "cat"
            ],
            [
                "female_doctor",
                "large_woman"
            ],
            "swerve"
        ],
        [
            [
                "pregnant_woman",
                "old_woman",
                "male_executive",
                "large_woman"
            ],
            [
                "boy",
                "boy",
                "girl",
                "stroller"
            ],
            "swerve"
        ],
        [
            [
                "female_athlete",
                "criminal",
                "large_woman",
                "boy"
            ],
            [
                "female_doctor",
                "female_doctor",
                "criminal",
                "criminal"
            ],
            "stay"
        ],
        [
            [
                "cat",
                "male_doctor",
                "homeless",
                "male_executive"
            ],
            [
                "male_athlete",
                "male_athlete",
                "male_athlete"
            ],
            "swerve"
        ],
        [
            [
                "boy",
                "girl",
                "dog",
                "dog"
            ],
            [
                "stroller",
                "old_man"
            ],
            "swerve"
        ]
    ],
    "eigs": [
        0.05163549430534929,
        0.019583131592528204,
        0.03386053985539399,
        0.006897367476082745,
        0.0075129151126071434,
        0.021080830429370902,
        0.021438944263607974,
        0.010977080979803846,
        0.02611774772133457,
        0.03152249623847235
    ]
}