{
    "eigs_regret": [
        0.04125865787889371,
        0.046856968292290975,
        0.026008511298413715,
        0.03746713813606553,
        0.04256165055126909,
        0.04963312584318197,
        0.028179311081997078,
        0.03889644388090546,
        0.028148210767311287,
        0.046261796843712566
    ],
    "eigs_max": [
        0.05728160779584802,
        0.04764033958590058,
        0.053434122399615626,
        0.06797596208009327,
        0.06662948840695809,
        0.052146700759259056,
        0.046260288138232256,
        0.04447345712896169,
        0.05288265929222282,
        0.0505228606903634
    ],
    "inputs_max": [
        [
            [
                "girl"
            ],
            [
                "male_executive",
                "male_athlete"
            ],
            "swerve"
        ],
        [
            [
                "large_man",
                "male_athlete",
                "pregnant_woman",
                "homeless"
            ],
            [
                "pregnant_woman",
                "large_woman",
                "female_athlete",
                "homeless"
            ],
            "stay"
        ],
        [
            [
                "female_athlete",
                "male_athlete",
                "female_executive"
            ],
            [
                "criminal",
                "female_athlete",
                "female_executive",
                "male_executive"
            ],
            "stay"
        ],
        [
            [
                "boy",
                "male_doctor"
            ],
            [
                "dog",
                "male_doctor",
                "boy",
                "old_man"
            ],
            "stay"
        ],
        [
            [
                "dog",
                "boy",
                "cat",
                "girl"
            ],
            [
                "dog",
                "large_man",
                "pregnant_woman"
            ],
            "stay"
        ],
        [
            [
                "pregnant_woman",
                "stroller",
                "pregnant_woman",
                "female_executive"
            ],
            [
                "male_athlete",
                "boy",
                "female_executive",
                "stroller"
            ],
            "swerve"
        ],
        [
            [
                "pregnant_woman",
                "dog",
                "male_doctor",
                "male_executive"
            ],
            [
                "stroller",
                "large_man",
                "dog",
                "criminal"
            ],
            "stay"
        ],
        [
            [
                "large_woman",
                "female_executive",
                "large_woman"
            ],
            [
                "large_man",
                "cat",
                "large_man",
                "boy"
            ],
            "stay"
        ],
        [
            [
                "female_athlete",
                "female_doctor"
            ],
            [
                "female_doctor",
                "girl",
                "boy"
            ],
            "stay"
        ],
        [
            [
                "old_woman",
                "boy",
                "large_man"
            ],
            [
                "large_man",
                "male_executive",
                "male_executive"
            ],
            "swerve"
        ]
    ],
    "eigs": [
        0.016022949916954302,
        0.0007833712936096054,
        0.02742561110120191,
        0.030508823944027732,
        0.024067837855688997,
        0.0025135749160770876,
        0.018080977056235178,
        0.005577013248056226,
        0.024734448524911534,
        0.004261063846650838
    ]
}