{
    "eigs_regret": [
        0.23749275435172618,
        0.04881409723811114,
        0.004880895819444751,
        0.00167252369824176,
        0.0004924802422435481,
        0.00044222547862352284,
        0.0006118969215747625,
        0.00040505001544442754,
        0.00022217871014653268,
        0.0008132543946591428
    ],
    "eigs_max": [
        0.2765875188691033,
        0.0807422606946946,
        0.022244609611919906,
        0.0137639851712015,
        0.009267911891649099,
        0.006854602079066935,
        0.005194696527911644,
        0.004512048723102142,
        0.003661078103157726,
        0.0034382357924081573
    ],
    "inputs_max": [
        1.983885758804516,
        1.6225604609822506,
        1.1623132420578346,
        1.5235365375328989,
        1.7500344014231317,
        1.2045298219237293,
        1.3898099516577083,
        1.0464046059505798,
        1.4155843174473197,
        1.991511270888295
    ],
    "eigs": [
        0.03909476451737716,
        0.03192816345658346,
        0.017363713792475154,
        0.01209146147295974,
        0.00877543164940555,
        0.006412376600443412,
        0.004582799606336881,
        0.004106998707657714,
        0.0034388993930111935,
        0.0026249813977490145
    ]
}