{
    "eigs_regret": [
        0.2545841906709141,
        0.0655985377034372,
        0.019018448578941867,
        0.007351831102850436,
        0.0028950429491242796,
        0.002487385803463549,
        0.0031534427772935596,
        0.0038719118290697525,
        0.002162261599095334,
        0.0008013745995763522
    ],
    "eigs_max": [
        0.2732872893136288,
        0.08106363194865454,
        0.03127144945663003,
        0.015181056011126284,
        0.009619647100765924,
        0.006976793576814176,
        0.00575970166957672,
        0.004847232478985372,
        0.0045353566462674735,
        0.003741264204749511
    ],
    "inputs_max": [
        1.9538925012815516,
        1.7772467192873735,
        1.7540718530730668,
        1.789112566174626,
        1.8320659602081424,
        1.9192270608297255,
        1.7412077535519699,
        1.9250105936318065,
        1.9996302557505896,
        1.863855739844875
    ]
}