{
    "eigs_regret": [
        0.25180301673281874,
        0.05179110736229732,
        0.01481025134956661,
        0.0052887030104994785,
        0.0025378782527400697,
        0.002500787299551939,
        0.0014051281386997295,
        0.00119474807106865,
        0.0009052550865197647,
        0.00065574215890014
    ],
    "eigs_max": [
        0.2705172378799193,
        0.0665729628883385,
        0.026345015849977824,
        0.012011802875907597,
        0.007977138051030817,
        0.006093723663931465,
        0.00462399271093737,
        0.004151562576726901,
        0.003290818736408362,
        0.0031065461829612637
    ],
    "inputs_max": [
        1.960763687146987,
        1.6303953416684902,
        1.6391845717884896,
        1.708894189136186,
        1.3956054744121977,
        1.4254196948412041,
        1.9513450158533832,
        1.6528705301609148,
        1.4244217859891346,
        1.4257289516248024
    ]
}