{
    "eigs_regret": [
        0.27371366578100637,
        0.019134712979234754,
        0.004953332356740683,
        0.0035138732961015294,
        0.004666260004337578,
        0.0028221427227396252,
        0.0012080497398770378,
        0.0029659039167880294,
        0.002355811663410262,
        0.002768008644682463
    ],
    "eigs_max": [
        0.2921766394650915,
        0.0311159079345479,
        0.013246032938663081,
        0.008742829150445004,
        0.006344659583562114,
        0.006061718061804484,
        0.004733112906718819,
        0.004321393684353143,
        0.004043758423855867,
        0.0036589533149618296
    ],
    "inputs_max": [
        1.960763687146987,
        1.4009723940702101,
        1.3099204609823907,
        1.3786051773115577,
        1.2543538873707363,
        1.2837546148871442,
        1.6338384369509131,
        1.891978416006817,
        1.6750269774668387,
        1.9407581009721753
    ]
}