{
    "eigs_regret": [
        0.2624238718777554,
        0.1516523869937838,
        0.016497353764256442,
        0.0058693326987692565,
        0.002890028327625774,
        0.0023801402856294665,
        0.0016404962309926408,
        0.0010622954411170912,
        0.001050099411611381,
        0.0005924806938779792
    ],
    "eigs_max": [
        0.27323323084183554,
        0.16602175554094334,
        0.02591388838864657,
        0.012896881052134103,
        0.008258661477062404,
        0.006323907443566261,
        0.005002173709794869,
        0.004026102131028544,
        0.0034601290080296457,
        0.0029075066631599907
    ],
    "inputs_max": [
        1.9322445351982036,
        1.9619293338309345,
        1.460231040348002,
        1.616360822739252,
        1.9101080899570222,
        1.5140789499370038,
        1.623664837257555,
        1.678027796360613,
        1.3521325913251387,
        1.4195556647612846
    ]
}