{
    "eigs_regret": [
        0.2696021681587195,
        0.04513620782253175,
        0.0044630036132182905,
        0.001237952698205047,
        0.0012775408732926784,
        0.0012916200355524688,
        0.0005966711953443521,
        0.0006770758480818177,
        0.0005906852705922478,
        0.0006652989125448287
    ],
    "eigs_max": [
        0.2721183283146385,
        0.048111174052766256,
        0.006627511300329285,
        0.002637662843800441,
        0.001807687412532869,
        0.0018187135190686615,
        0.0013741763024063079,
        0.001306580060602621,
        0.0009365756213851022,
        0.0009992810607196937
    ],
    "inputs_max": [
        1.9526954209107512,
        1.2597160823333724,
        1.1054232329241325,
        1.0739944662941074,
        1.0153349043522495,
        0.9436945602941755,
        0.8613762719112392,
        0.8970862781013764,
        1.0360054526653881,
        0.8448108758586761
    ]
}