{
    "eigs_regret": [
        0.24863584083248702,
        0.029176166730560164,
        0.006303124023737746,
        0.00872063262018435,
        0.004712500324188644,
        0.0035805022090487568,
        0.0018707050803940537,
        0.004213109921713088,
        0.0038914100009863235,
        0.0037766661857264773
    ],
    "eigs_max": [
        0.268133786246844,
        0.04171096552892951,
        0.01671388900336759,
        0.010878669283905669,
        0.009000690744088475,
        0.00780538311152659,
        0.006405266166923323,
        0.004646356356419617,
        0.0046894035339234905,
        0.00440158771977479
    ],
    "inputs_max": [
        1.9495685058805998,
        1.9759880387103077,
        1.806412775450162,
        1.9886435046075879,
        1.863007029886811,
        1.738190095174644,
        1.9639733192454985,
        1.9574051016417924,
        1.990083883614367,
        1.8590685652373655
    ]
}