{
    "eigs_regret": [
        0.25572070434340965,
        0.3067149958570367,
        0.006513613008354697,
        0.001384468719192092,
        0.0007088641819756939,
        0.0007032103007295447,
        0.0005645688506705744,
        0.0003597505037975018,
        0.0003661249286628389,
        0.0005277776910790994
    ],
    "eigs_max": [
        0.25661067688507516,
        0.31056198334025664,
        0.01010680513358576,
        0.0027047648711364804,
        0.0019324485708266006,
        0.0018988412094247237,
        0.0019066675878322084,
        0.0013900168532100681,
        0.0016778928779229015,
        0.0011425010322583732
    ],
    "inputs_max": [
        1.9987548818308039,
        1.8994926934448857,
        0.752941172973056,
        1.0466063573720763,
        0.9140995737641315,
        0.8119826063919506,
        0.9946208830895003,
        1.105370150647064,
        0.6744958873066944,
        0.5497905546559969
    ]
}