{
    "eigs_regret": [
        0.2412546011847824,
        0.020198550312676432,
        0.007793913998201165,
        0.007334806237233347,
        0.00458812368007395,
        0.004845079341310902,
        0.0031332451068948343,
        0.0037206730779914513,
        0.003527842490825737,
        0.0006449158066998096
    ],
    "eigs_max": [
        0.2584807932432748,
        0.03226147556748103,
        0.015142964938431471,
        0.009441053423928014,
        0.00817031366360471,
        0.00721922021962844,
        0.0058973653341515535,
        0.005088222794149568,
        0.004453160436177369,
        0.004398213449843581
    ],
    "inputs_max": [
        1.9675852207084008,
        1.5935147649501913,
        1.6730640183356058,
        1.8514897677399202,
        1.9422991946476662,
        1.8929955617101986,
        1.9512900655365348,
        1.9737700418637258,
        1.890132943219739,
        1.7727131201806205
    ]
}