{
    "eigs_regret": [
        0.2634155403836981,
        0.06239129126699347,
        0.014408946965915811,
        0.008308458878438544,
        0.004584123779954482,
        0.002846221439920588,
        0.001958289328328594,
        0.0012425101664271794,
        0.0006036970748836868,
        0.00124815189068605
    ],
    "eigs_max": [
        0.2705256174380578,
        0.07752172440049063,
        0.025884990708229885,
        0.014770095757241536,
        0.010105879079796773,
        0.0071388901773020205,
        0.005312001399608924,
        0.004426066743167742,
        0.003836786230056546,
        0.003336090119657224
    ],
    "inputs_max": [
        1.9378796056223144,
        1.7505288200155835,
        1.5397445520701627,
        1.8992383372792807,
        1.867329193766059,
        1.7478179465158685,
        1.8949896597423037,
        1.7150195378911237,
        1.6917983496393691,
        1.634520934532536
    ]
}