{
    "eigs_regret": [
        0.25803395805899326,
        0.288295798819657,
        0.011067716669018778,
        0.0053772676196889085,
        0.003371834079983261,
        0.004656880170691606,
        0.0030238999093395065,
        0.004300624126898186,
        0.001475413363961682,
        0.0014871671367325413
    ],
    "eigs_max": [
        0.2607305818654828,
        0.3068744372974239,
        0.02030541909304511,
        0.01046844618679374,
        0.008011547319818993,
        0.006380846192704135,
        0.005405704947924185,
        0.005240304552699595,
        0.004853301486936326,
        0.004192221693261502
    ],
    "inputs_max": [
        1.9305115874537597,
        1.9292240382225914,
        1.5542581009317367,
        1.1819837994373081,
        1.5480280785721945,
        1.6144653326011111,
        1.2224621019926425,
        1.3831452980878736,
        1.3430200030384212,
        1.4657261840178915
    ]
}