{
    "eigs_regret": [
        0.1337658326158731,
        0.004410098292122654,
        0.00277967528962037,
        0.004382156040515122,
        0.001314554775949695,
        0.004008152210093036,
        0.003309169207164217,
        0.0018718434800253847,
        0.0008781786555950182,
        0.0004916040567484368
    ],
    "eigs_max": [
        0.27341603556881844,
        0.03200250273257765,
        0.01735929075182809,
        0.009524407302589563,
        0.007503961072653146,
        0.005644958415586517,
        0.005327885073181083,
        0.005003055569594819,
        0.004360846944524672,
        0.003855264732301432
    ],
    "inputs_max": [
        1.9378796056223144,
        1.8264245940939665,
        1.9428249255648453,
        1.9052791903117128,
        1.8393741428067383,
        1.5119423990221237,
        1.9187963955058287,
        1.8950263238299776,
        1.9736254210457551,
        1.6336721172919695
    ],
    "eigs": [
        0.13965020295294533,
        0.027592404440455,
        0.014579615462207719,
        0.005142251262074441,
        0.006189406296703451,
        0.0016368062054934805,
        0.0020187158660168658,
        0.0031312120895694347,
        0.0034826682889296536,
        0.003363660675552995
    ]
}