{
    "eigs_regret": [
        0.2608712956029311,
        0.032820999240843474,
        0.18623179234328666,
        0.0436741664881784,
        0.2162938739110225,
        0.20935832805727644,
        0.18444630448436386,
        0.2635458754582491,
        0.1848328209246119,
        0.1149712984129711
    ],
    "eigs_max": [
        1.2855800851803625,
        1.1354161500506859,
        0.4177872509422824,
        0.32311109204655275,
        0.3499473844772681,
        0.3192666602892922,
        0.3220588483405974,
        0.3405626893097417,
        0.2753885825497671,
        0.3080077369516132
    ],
    "inputs_max": [
        3.864296988021463,
        4.310334262801744,
        0.46895863526865533,
        0.6039977254298423,
        0.00012565203161452043,
        0.045372343894101164,
        0.040377556647400725,
        0.024883909777516644,
        0.05190772625317697,
        0.043439051144755214
    ],
    "eigs": [
        1.0247087895774314,
        1.1025951508098424,
        0.23155545859899576,
        0.27943692555837435,
        0.13365351056624558,
        0.10990833223201575,
        0.13761254385623353,
        0.07701681385149263,
        0.0905557616251552,
        0.1930364385386421
    ]
}