{
    "eigs_regret": [
        0.19655909033274988,
        0.04453306436688531,
        0.20430584673308466,
        0.015711949215748255,
        0.09074861513669186,
        0.14493077168975965,
        0.14594397557640867,
        0.06926113281103419,
        0.07033577701580634,
        0.1169233247396183
    ],
    "eigs_max": [
        1.2521596718397685,
        1.3025665086460567,
        0.6790451133540838,
        0.3633705228736029,
        0.2730203338193229,
        0.2566079274076909,
        0.24675207855982223,
        0.21941758248693916,
        0.1986102630652698,
        0.17785350890801327
    ],
    "inputs_max": [
        1.7056207177279392,
        4.333810741700371,
        1.0197816271968914,
        1.420215024045015,
        0.058295855439520206,
        0.07356256079836421,
        0.00536502927900584,
        0.11009277558012898,
        0.114120709525245,
        0.04912446300471773
    ],
    "eigs": [
        1.0556005815070186,
        1.2580334442791714,
        0.47473926662099913,
        0.34765857365785463,
        0.18227171868263103,
        0.11167715571793126,
        0.10080810298341356,
        0.15015644967590497,
        0.12827448604946345,
        0.06093018416839497
    ]
}