{
    "eigs_regret": [
        0.0924183245918786,
        -0.0888612200805099,
        0.4369755823348941,
        0.08299320246553454,
        0.30563521540290983,
        0.29822474980317754,
        0.04914410886936049,
        0.20854314854939027,
        0.26209594744519554,
        0.24878830845973188
    ],
    "eigs_max": [
        1.3797605552424934,
        0.9246475302891763,
        0.6029042446546928,
        0.5100940278730622,
        0.4172347566526155,
        0.39571331488055406,
        0.36994146425019164,
        0.2809985405220824,
        0.3300114078369396,
        0.31037415939555074
    ],
    "inputs_max": [
        3.6669292383743968,
        0.01528216289070572,
        0.38736199084186906,
        0.4914554516117714,
        0.32344948924047934,
        0.32495737513486167,
        0.29073820765248337,
        0.16822221875562204,
        0.004683673385086351,
        0.2560888945351625
    ],
    "eigs": [
        1.2873422306506148,
        1.0135087503696862,
        0.16592866231979872,
        0.4271008254075277,
        0.11159954124970566,
        0.09748856507737651,
        0.32079735538083115,
        0.07245539197269213,
        0.06791546039174408,
        0.06158585093581885
    ]
}