{
    "eigs_regret": [
        0.3527970708719662,
        0.326059035486597,
        0.0505543177645183,
        0.05879914505539183,
        0.10815088909325557,
        0.14833188970363673,
        0.19193523494876494,
        0.17140351225519548,
        0.19142767005212846,
        0.1896850664765278
    ],
    "eigs_max": [
        1.3507290839720023,
        1.225388018272588,
        0.301216411678382,
        0.27071792942103684,
        0.26260636115856995,
        0.2880103905701868,
        0.27732591170840426,
        0.2900528911323845,
        0.24966480987157968,
        0.26584663419686766
    ],
    "inputs_max": [
        4.868306590565905,
        4.897612233740475,
        0.7095926929981483,
        0.44212375702306184,
        0.39176853169281545,
        0.13495114053347468,
        0.03324833371859792,
        0.1992280438255728,
        0.08083512116676961,
        0.06408214445777105
    ],
    "eigs": [
        0.9979320131000361,
        0.899328982785991,
        0.2506620939138637,
        0.211918784365645,
        0.15445547206531438,
        0.13967850086655006,
        0.08539067675963932,
        0.11864937887718904,
        0.058237139819451236,
        0.07616156772033986
    ]
}