{
    "eigs_regret": [
        0.2981811554101943,
        0.030351766877709352,
        0.2621017325904869,
        0.12525594362676584,
        0.22165135991041438,
        0.19116415096179107,
        0.26158768857119974,
        0.2604265355844353,
        0.2277285959927931,
        0.21890825205101044
    ],
    "eigs_max": [
        1.352743149549136,
        1.5567323482289894,
        0.7192469940536581,
        0.5485246423555818,
        0.3649241459718253,
        0.3432779062874653,
        0.34287519994749494,
        0.3297153284411959,
        0.2869230570228505,
        0.2757250306095123
    ],
    "inputs_max": [
        4.262898621118304,
        3.8762604640258234,
        0.6005278177915269,
        0.5170749208399472,
        0.47105111021934765,
        0.6871563636927858,
        0.03324833371859792,
        0.6511468619376026,
        0.45619393935604935,
        0.18060767875423378
    ],
    "eigs": [
        1.0545619941389417,
        1.52638058135128,
        0.4571452614631712,
        0.423268698728816,
        0.14327278606141094,
        0.15211375532567423,
        0.08128751137629518,
        0.06928879285676062,
        0.05919446103005738,
        0.05681677855850186
    ]
}