{
    "eigs_regret": [
        0.3531636919899088,
        0.0705541224431192,
        0.1382671534857391,
        0.01866462265687796,
        0.15894172779196855,
        0.18124837960489695,
        0.19103584355133932,
        0.22557719398933085,
        0.11622770231715884,
        0.17852972082352725
    ],
    "eigs_max": [
        1.394791602864119,
        1.1669890683579767,
        0.4760921797614386,
        0.31788977437616706,
        0.3259440145836964,
        0.2962419331169224,
        0.314377940776878,
        0.31051559045990157,
        0.2923124227309535,
        0.26759270692221504
    ],
    "inputs_max": [
        2.997941175523967,
        4.423951785215076,
        0.8350329114727495,
        0.6568575129680182,
        0.01382126293691055,
        0.045372343894101164,
        0.040377556647400725,
        0.024883909777516644,
        0.05190772625317697,
        0.043439051144755214
    ],
    "eigs": [
        1.0416279108742101,
        1.0964349459148575,
        0.3378250262756995,
        0.2992251517192891,
        0.16700228679172782,
        0.11499355351202542,
        0.12334209722553865,
        0.08493839647057073,
        0.17608472041379464,
        0.08906298609868779
    ]
}