{
    "eigs_regret": [
        0.06768813905137305,
        0.030594667341221737,
        0.41138481845091995,
        0.14293236005563342,
        0.2501169011931498,
        0.30511363019126714,
        0.2977908942986816,
        0.25833444892508994,
        0.3001037320719228,
        0.04481977448351876
    ],
    "eigs_max": [
        1.363942671540625,
        1.0247889923114828,
        0.605696178191302,
        0.5489513004652126,
        0.37349520119984186,
        0.3870340413626448,
        0.3944713529825822,
        0.3866604884313059,
        0.362866940955699,
        0.3662529395921889
    ],
    "inputs_max": [
        2.6599470696542986,
        0.0014335669090298486,
        0.5555869057787338,
        0.5345212502627766,
        0.4680310781893182,
        0.5855601745140715,
        0.434837329259537,
        0.453691264702879,
        0.39091567398643,
        0.008534751503129212
    ],
    "eigs": [
        1.296254532489252,
        0.9941943249702611,
        0.194311359740382,
        0.40601894040957914,
        0.12337830000669206,
        0.08192041117137769,
        0.09668045868390059,
        0.12832603950621596,
        0.06276320888377616,
        0.32143316510867015
    ]
}