{
    "eigs_regret": [
        0.4644904386342973,
        0.03790412353240846,
        0.3864183956919429,
        0.2337051496531748,
        0.33842313202589913,
        0.3200452366737597,
        0.03247569125491173,
        0.3030403892605789,
        0.23308041179187194,
        0.27843731354380674
    ],
    "eigs_max": [
        1.4558964705127049,
        1.5983846046022179,
        0.746518401073208,
        0.5879728664399281,
        0.4586042775794464,
        0.4082366804426765,
        0.4039471928228784,
        0.3633084404671787,
        0.2742337987988329,
        0.3318187038924853
    ],
    "inputs_max": [
        2.8590140498557286,
        3.7193763185017046,
        0.6974552798273365,
        0.5761156069981488,
        0.4680310781893182,
        0.15691204293875938,
        0.46396125638927976,
        0.0012436418953226669,
        0.5007647175777763,
        0.008534751503129212
    ],
    "eigs": [
        0.9914060318784076,
        1.5604804810698094,
        0.3601000053812651,
        0.3542677167867533,
        0.12018114555354725,
        0.0881914437689168,
        0.37147150156796666,
        0.06026805120659978,
        0.04115338700696098,
        0.05338139034867857
    ]
}