{
    "eigs_regret": [
        0.07289520990191534,
        -0.2054994920849461,
        0.38845160258430933,
        0.04760771826714516,
        0.2251800283713172,
        0.23184389466075928,
        0.02634085905816891,
        0.2023571637802146,
        0.16090728312940958,
        0.09729691745457403
    ],
    "eigs_max": [
        1.3738834100153077,
        0.7912981168242929,
        0.5470134751364867,
        0.4932757726126199,
        0.3695506137395521,
        0.34982694181809926,
        0.3510236889928325,
        0.277188639134452,
        0.2571220391466274,
        0.3088332467790565
    ],
    "inputs_max": [
        3.2321073131952054,
        0.12243112309108739,
        0.5817794298959228,
        0.6568575129680182,
        0.00012565203161452043,
        0.5005919447040708,
        0.3043804093184055,
        0.024883909777516644,
        0.16570071821753352,
        0.043439051144755214
    ],
    "eigs": [
        1.3009882001133923,
        0.996797608909239,
        0.15856187255217735,
        0.44566805434547474,
        0.1443705853682349,
        0.11798304715734,
        0.3246828299346636,
        0.07483147535423743,
        0.09621475601721782,
        0.21153632932448246
    ]
}