{
    "eigs_regret": [
        0.06705977714773437,
        -0.08315930134012994,
        0.04043129785754801,
        0.10061039912112102,
        0.10720007498942494,
        0.1630759752466845,
        0.20741381976455525,
        0.1356218621667817,
        0.20620597617343134,
        0.14360943756855427
    ],
    "eigs_max": [
        1.3863626833890168,
        0.8601887399561062,
        0.45099198986902167,
        0.4472886031934095,
        0.2564569136985221,
        0.28479147337669003,
        0.29510101129269367,
        0.2761452907158994,
        0.2927221735608907,
        0.23765488213434718
    ],
    "inputs_max": [
        4.800107978385108,
        0.09648652221371845,
        1.9676806107945477,
        0.8406674152723531,
        0.2864825080579514,
        0.032248080631644416,
        0.013739309954575174,
        0.12473994321576587,
        0.009582410271053443,
        0.1903764652840334
    ],
    "eigs": [
        1.3193029062412824,
        0.9433480412962362,
        0.41056069201147366,
        0.3466782040722885,
        0.14925683870909714,
        0.12171549813000554,
        0.08768719152813842,
        0.14052342854911767,
        0.08651619738745937,
        0.09404544456579293
    ]
}