{
    "eigs_regret": [
        0.32314312095330355,
        0.3026190899942567,
        0.9672081569117672,
        0.5535144894394834,
        0.11356907018438595,
        -0.00982637304049927,
        0.05881011124779026,
        0.10508012236920387,
        0.1604172737119463,
        0.10305604794611645
    ],
    "eigs_max": [
        1.3196430580502887,
        1.374680397183229,
        1.7793751502204453,
        1.1703325732757066,
        0.5546559259700101,
        0.3729217330754993,
        0.23091801078006796,
        0.1956800001676346,
        0.227880207587245,
        0.20737783079906813
    ],
    "inputs_max": [
        2.7539895128728773,
        4.735175112536514,
        4.96054098909512,
        4.809065355051732,
        4.902937024215772,
        4.91142558466138,
        0.013739309954575174,
        4.4166039742996555,
        4.941539478903892,
        4.973644729593289
    ],
    "eigs": [
        0.9964999370969851,
        1.0720613071889724,
        0.8121669933086781,
        0.6168180838362232,
        0.4410868557856242,
        0.3827481061159986,
        0.1721078995322777,
        0.09059987779843072,
        0.06746293387529868,
        0.10432178285295168
    ]
}