{
    "eigs_regret": [
        0.035711606172831756,
        0.025944714277674447,
        0.036375674932088375,
        0.041782796594706226,
        0.030864252454078575,
        0.02581009254925526,
        0.041134806406688734,
        0.02988098143198481,
        0.035712185641348704,
        0.005487760443305484,
        0.06355590245035624,
        0.06899035431499904,
        0.014025660706852128
    ],
    "eigs_max": [
        0.1594489413259131,
        0.1605470907611259,
        0.15189285733452781,
        0.16515941923279054,
        0.15567925331555205,
        0.15352081184843494,
        0.15859102849581888,
        0.1623127299752506,
        0.16432724945404897,
        0.1536452449028048,
        0.17939461008793678,
        0.14986823412432235,
        0.15214606743227393
    ],
    "inputs_max": [
        [
            3,
            4
        ],
        [
            0,
            2
        ],
        [
            5,
            3
        ],
        [
            5,
            3
        ],
        [
            2,
            0
        ],
        [
            4,
            4
        ],
        [
            3,
            5
        ],
        [
            3,
            4
        ],
        [
            3,
            4
        ],
        [
            0,
            3
        ],
        [
            4,
            0
        ],
        [
            0,
            2
        ],
        [
            2,
            4
        ]
    ],
    "eigs": [
        0.12373733515308136,
        0.13460237648345144,
        0.11551718240243944,
        0.12337662263808431,
        0.12481500086147347,
        0.12771071929917968,
        0.11745622208913015,
        0.13243174854326578,
        0.12861506381270027,
        0.1481574844594993,
        0.11583870763758054,
        0.0808778798093233,
        0.1381204067254218
    ]
}