{
    "eigs_regret": [
        0.05509662220881795,
        0.01688594842917393,
        0.04130094468461959,
        0.04377184735431516,
        0.03204365463224833,
        0.048613490629618186,
        0.009495379566452189,
        0.021015832003531465,
        0.06163701182257794,
        0.02423540769994223,
        0.016204292769380818,
        0.03443911017511497,
        0.050920799834029765,
        0.013508384570997789,
        0.053458350887571546
    ],
    "eigs_max": [
        0.15754581513589652,
        0.15806242280865637,
        0.1489673210536056,
        0.1501036218594975,
        0.15337525358997683,
        0.16514459002018567,
        0.15557851158049113,
        0.15644146572132156,
        0.1552926566846679,
        0.16120505801908933,
        0.1509858134682184,
        0.1475273063106284,
        0.14741586214844457,
        0.1477358651729996,
        0.17095840484932046
    ],
    "inputs_max": [
        [
            2,
            0
        ],
        [
            1,
            3
        ],
        [
            5,
            5
        ],
        [
            3,
            4
        ],
        [
            1,
            2
        ],
        [
            3,
            3
        ],
        [
            5,
            0
        ],
        [
            1,
            5
        ],
        [
            5,
            3
        ],
        [
            3,
            3
        ],
        [
            3,
            3
        ],
        [
            2,
            3
        ],
        [
            0,
            4
        ],
        [
            5,
            3
        ],
        [
            3,
            5
        ]
    ],
    "eigs": [
        0.10244919292707858,
        0.14117647437948244,
        0.10766637636898602,
        0.10633177450518233,
        0.1213315989577285,
        0.11653109939056748,
        0.14608313201403894,
        0.1354256337177901,
        0.09365564486208997,
        0.1369696503191471,
        0.1347815206988376,
        0.11308819613551344,
        0.0964950623144148,
        0.13422748060200182,
        0.11750005396174891
    ]
}