{
    "eigs_regret": [
        0.018426425862574786,
        0.04155950382431309,
        0.028907501136865132,
        0.03931340906622331,
        0.04012019440326736,
        0.03461317946580228,
        0.03908640285005202,
        0.01993738467974121,
        0.05728831313058724,
        0.03698539248489832,
        0.05036971005751649,
        0.04038681880588477,
        0.025504087320122715,
        0.0231587043769248,
        0.0361045310666305
    ],
    "eigs_max": [
        0.15331856859786464,
        0.16010808778609306,
        0.14977459935879897,
        0.15327214686418206,
        0.15874507962391002,
        0.16955335581196826,
        0.15953293770890742,
        0.15144523134435217,
        0.1595016463659257,
        0.16912496573278518,
        0.1593825320475039,
        0.1500019885369511,
        0.14743124329935994,
        0.15025602772550223,
        0.15540855666128678
    ],
    "inputs_max": [
        [
            5,
            1
        ],
        [
            1,
            1
        ],
        [
            3,
            3
        ],
        [
            3,
            3
        ],
        [
            0,
            4
        ],
        [
            4,
            3
        ],
        [
            5,
            2
        ],
        [
            3,
            1
        ],
        [
            4,
            5
        ],
        [
            5,
            5
        ],
        [
            5,
            5
        ],
        [
            3,
            4
        ],
        [
            3,
            5
        ],
        [
            5,
            5
        ],
        [
            5,
            1
        ]
    ],
    "eigs": [
        0.13489214273528985,
        0.11854858396177997,
        0.12086709822193384,
        0.11395873779795875,
        0.11862488522064266,
        0.13494017634616598,
        0.1204465348588554,
        0.13150784666461096,
        0.10221333323533846,
        0.13213957324788686,
        0.10901282198998742,
        0.10961516973106633,
        0.12192715597923723,
        0.12709732334857743,
        0.11930402559465628
    ]
}