{
    "eigs_regret": [
        0.03505380155959087,
        0.03016387339453333,
        0.01797234400344805,
        0.04491247370158022,
        0.028177743978385114,
        0.02712987207985923,
        0.036758375130498344,
        0.0051244500665083015,
        0.04478025707985504,
        0.02369256073362476,
        0.0341551817310866,
        -0.00267868434615795,
        0.06095023267623205
    ],
    "eigs_max": [
        0.1564973282833567,
        0.15785620620217536,
        0.14720181653150677,
        0.14321773825905484,
        0.14809092884941658,
        0.15513619828443093,
        0.15882659380922667,
        0.15297942983668936,
        0.1618186910313896,
        0.1371276680105967,
        0.14287717171859338,
        0.1452821171338153,
        0.14746666539754774
    ],
    "inputs_max": [
        [
            2,
            5
        ],
        [
            2,
            5
        ],
        [
            0,
            2
        ],
        [
            3,
            3
        ],
        [
            0,
            5
        ],
        [
            3,
            0
        ],
        [
            2,
            5
        ],
        [
            0,
            4
        ],
        [
            5,
            0
        ],
        [
            0,
            5
        ],
        [
            1,
            3
        ],
        [
            2,
            0
        ],
        [
            0,
            3
        ]
    ],
    "eigs": [
        0.12144352672376582,
        0.12769233280764203,
        0.12922947252805872,
        0.09830526455747463,
        0.11991318487103146,
        0.1280063262045717,
        0.12206821867872833,
        0.14785497977018106,
        0.11703843395153456,
        0.11343510727697194,
        0.10872198998750678,
        0.14796080147997326,
        0.08651643272131569
    ]
}