{
    "eigs_regret": [
        0.04877282485692086,
        0.036800752518960714,
        0.024692619904212454,
        0.04792827359188408,
        0.024831462879576452,
        0.02897036448707163,
        0.035433415804980606,
        0.025109547354704137,
        0.05017558430736757,
        0.025458936822922523,
        0.003118178708696212,
        0.06645317981958863,
        0.01834941086933095,
        0.06559891215288512,
        0.02041921936467829,
        0.003388776798056131
    ],
    "eigs_max": [
        0.1540815639575943,
        0.16097411608188,
        0.15468925740237574,
        0.1555703321368311,
        0.1471146210623695,
        0.15483063943751726,
        0.16124075137248262,
        0.1539640666404868,
        0.16149061303680923,
        0.14351087164085408,
        0.14867334956535858,
        0.14873319735072574,
        0.14878922779533066,
        0.158999740687982,
        0.14313631851363,
        0.1531892710662126
    ],
    "inputs_max": [
        [
            5,
            1
        ],
        [
            1,
            1
        ],
        [
            3,
            2
        ],
        [
            0,
            3
        ],
        [
            1,
            2
        ],
        [
            3,
            4
        ],
        [
            4,
            2
        ],
        [
            3,
            5
        ],
        [
            3,
            4
        ],
        [
            5,
            5
        ],
        [
            3,
            4
        ],
        [
            3,
            4
        ],
        [
            3,
            5
        ],
        [
            4,
            2
        ],
        [
            4,
            4
        ],
        [
            3,
            4
        ]
    ],
    "eigs": [
        0.10530873910067343,
        0.12417336356291929,
        0.1299966374981633,
        0.10764205854494703,
        0.12228315818279305,
        0.12586027495044563,
        0.125807335567502,
        0.12885451928578268,
        0.11131502872944166,
        0.11805193481793155,
        0.14555517085666236,
        0.0822800175311371,
        0.1304398169259997,
        0.09340082853509689,
        0.12271709914895172,
        0.14980049426815648
    ]
}