{
    "eigs_regret": [
        0.032960606214599036,
        0.01774709975355515,
        0.021486451780365706,
        0.03334548846562713,
        0.04009162671734984,
        0.04697916504983814,
        0.036367223671639734,
        0.03149868650849967,
        0.00822634853812923,
        0.01775892116548372,
        0.032847294893454754,
        0.014300331975585806,
        0.034748291929503045,
        0.02183951480548174,
        0.059184312202357495
    ],
    "eigs_max": [
        0.14981297930763923,
        0.15244300625601148,
        0.1494721649845979,
        0.15868175097336443,
        0.1572209386772841,
        0.1579299335456826,
        0.15971478682802911,
        0.15101110979392565,
        0.1440432359788951,
        0.14067141808955452,
        0.15233823358433654,
        0.15365725043823653,
        0.15994527709372414,
        0.16090341783875997,
        0.1745627240976551
    ],
    "inputs_max": [
        [
            2,
            4
        ],
        [
            2,
            5
        ],
        [
            1,
            2
        ],
        [
            5,
            5
        ],
        [
            4,
            2
        ],
        [
            1,
            4
        ],
        [
            4,
            4
        ],
        [
            1,
            3
        ],
        [
            5,
            2
        ],
        [
            5,
            4
        ],
        [
            4,
            5
        ],
        [
            3,
            4
        ],
        [
            5,
            2
        ],
        [
            5,
            4
        ],
        [
            1,
            4
        ]
    ],
    "eigs": [
        0.1168523730930402,
        0.13469590650245633,
        0.1279857132042322,
        0.1253362625077373,
        0.11712931195993426,
        0.11095076849584447,
        0.12334756315638938,
        0.11951242328542598,
        0.13581688744076587,
        0.1229124969240708,
        0.11949093869088179,
        0.13935691846265072,
        0.1251969851642211,
        0.13906390303327823,
        0.11537841189529761
    ]
}