{
    "eigs_regret": [
        0.052236804801007036,
        0.02924075524307873,
        0.04088362192946597,
        0.02307461299748495,
        0.040910291796877774,
        0.047432438236887475,
        0.022744506935089337,
        0.023367748034161445,
        0.04580281380287757,
        0.045551127122446855,
        0.035558631956733824
    ],
    "eigs_max": [
        0.15900646267982274,
        0.1554583363749961,
        0.15926955764453532,
        0.16335817191400342,
        0.15301725828107055,
        0.15661086581762979,
        0.15326299904894075,
        0.1485685008703323,
        0.14691172933053462,
        0.14881076882486446,
        0.14838517837659565
    ],
    "inputs_max": [
        [
            4,
            1
        ],
        [
            5,
            5
        ],
        [
            5,
            3
        ],
        [
            5,
            3
        ],
        [
            2,
            2
        ],
        [
            2,
            4
        ],
        [
            2,
            5
        ],
        [
            5,
            3
        ],
        [
            3,
            3
        ],
        [
            4,
            1
        ],
        [
            5,
            3
        ]
    ],
    "eigs": [
        0.1067696578788157,
        0.12621758113191736,
        0.11838593571506935,
        0.14028355891651847,
        0.11210696648419277,
        0.10917842758074231,
        0.13051849211385141,
        0.12520075283617085,
        0.10110891552765705,
        0.10325964170241761,
        0.11282654641986183
    ]
}