{
    "eigs_regret": [
        0.04175286200700665,
        0.048069712754142443,
        0.03622186254407332,
        0.025943884009930585,
        0.03662434869698214,
        0.050027607437398744,
        0.044584429705622305,
        0.04733610160013295,
        0.029866963418188106,
        0.034909729682240626,
        0.010044288758999736,
        0.008131279046083933
    ],
    "eigs_max": [
        0.15992747746981098,
        0.15312628336761827,
        0.15364919942335203,
        0.15328459946986273,
        0.15752772273688828,
        0.16086845270556044,
        0.15979030421255078,
        0.154710576398225,
        0.15355994715545074,
        0.1589720005878115,
        0.15291567855165675,
        0.14615962145737502
    ],
    "inputs_max": [
        [
            3,
            4
        ],
        [
            2,
            0
        ],
        [
            3,
            3
        ],
        [
            5,
            4
        ],
        [
            5,
            0
        ],
        [
            2,
            3
        ],
        [
            5,
            4
        ],
        [
            5,
            5
        ],
        [
            3,
            3
        ],
        [
            4,
            4
        ],
        [
            3,
            5
        ],
        [
            5,
            1
        ]
    ],
    "eigs": [
        0.11817461546280433,
        0.10505657061347583,
        0.11742733687927871,
        0.12734071545993214,
        0.12090337403990614,
        0.1108408452681617,
        0.11520587450692847,
        0.10737447479809205,
        0.12369298373726263,
        0.12406227090557087,
        0.142871389792657,
        0.13802834241129108
    ]
}