{
    "eigs_regret": [
        0.03215358697171408,
        0.021542029656280687,
        0.023879165241335598,
        0.04290442047309599,
        0.01955613014787219,
        0.027350458538421135,
        0.03100183381268544,
        0.036363397689691615,
        0.0604128109610354,
        0.046180437510065536,
        0.035473032292815954,
        0.025587628842057356
    ],
    "eigs_max": [
        0.1618006184998737,
        0.14593454580491197,
        0.14705110326326296,
        0.15349681007514906,
        0.1527472664234786,
        0.154799727612935,
        0.14606235486972172,
        0.15433445747049798,
        0.14953888748864744,
        0.14734269363969033,
        0.16633102771041985,
        0.1465323629167025
    ],
    "inputs_max": [
        [
            0,
            1
        ],
        [
            3,
            5
        ],
        [
            2,
            0
        ],
        [
            1,
            3
        ],
        [
            3,
            2
        ],
        [
            0,
            4
        ],
        [
            2,
            5
        ],
        [
            3,
            1
        ],
        [
            2,
            4
        ],
        [
            1,
            5
        ],
        [
            4,
            3
        ],
        [
            3,
            4
        ]
    ],
    "eigs": [
        0.12964703152815962,
        0.12439251614863128,
        0.12317193802192736,
        0.11059238960205307,
        0.13319113627560641,
        0.12744926907451387,
        0.11506052105703628,
        0.11797105978080637,
        0.08912607652761204,
        0.10116225612962479,
        0.1308579954176039,
        0.12094473407464514
    ]
}