{
    "eigs_regret": [
        0.032792145426842806,
        0.0356659433526825,
        0.011636460988182024,
        0.047139945904429784,
        0.022653284526830825,
        0.03194656409031048,
        0.06066076946953036,
        0.021034652455431818,
        0.04920622902048559,
        0.014001997038235292,
        0.027145641303909757,
        0.017574116960128505
    ],
    "eigs_max": [
        0.15891786265293228,
        0.15043766145322132,
        0.15175560012090092,
        0.16118667178863216,
        0.1557187126951694,
        0.14981349265029872,
        0.15506287999451518,
        0.16028540099566943,
        0.1471788588208793,
        0.15702095326765442,
        0.1530338030877731,
        0.15601432144040261
    ],
    "inputs_max": [
        [
            2,
            3
        ],
        [
            5,
            3
        ],
        [
            4,
            2
        ],
        [
            4,
            3
        ],
        [
            4,
            3
        ],
        [
            5,
            3
        ],
        [
            4,
            0
        ],
        [
            4,
            0
        ],
        [
            5,
            1
        ],
        [
            3,
            0
        ],
        [
            5,
            4
        ],
        [
            0,
            4
        ]
    ],
    "eigs": [
        0.12612571722608948,
        0.11477171810053882,
        0.1401191391327189,
        0.11404672588420238,
        0.13306542816833858,
        0.11786692855998825,
        0.09440211052498482,
        0.1392507485402376,
        0.09797262980039372,
        0.14301895622941913,
        0.12588816178386333,
        0.1384402044802741
    ]
}