{
    "eigs_regret": [
        0.03062553035688864,
        0.05216043084929463,
        0.03865646276567149,
        0.057600229144144116,
        0.03685189398254196,
        0.043460085587758504,
        0.010540332999174562,
        0.015567368007580434,
        0.005078464678262312,
        0.04529856136660855,
        0.0371346116023064,
        0.006552338315038986
    ],
    "eigs_max": [
        0.15246127510209362,
        0.15426980698302442,
        0.16228189354981545,
        0.15770121091481765,
        0.1659191062444698,
        0.147401186002483,
        0.13851313977507487,
        0.15854505249587128,
        0.14607677916599698,
        0.14338553555187122,
        0.15642824395689234,
        0.14849252753218548
    ],
    "inputs_max": [
        [
            0,
            4
        ],
        [
            2,
            5
        ],
        [
            4,
            2
        ],
        [
            4,
            2
        ],
        [
            4,
            4
        ],
        [
            3,
            1
        ],
        [
            3,
            0
        ],
        [
            1,
            5
        ],
        [
            4,
            2
        ],
        [
            3,
            5
        ],
        [
            0,
            5
        ],
        [
            2,
            5
        ]
    ],
    "eigs": [
        0.12183574474520498,
        0.10210937613372979,
        0.12362543078414397,
        0.10010098177067353,
        0.12906721226192783,
        0.1039411004147245,
        0.1279728067759003,
        0.14297768448829085,
        0.14099831448773467,
        0.09808697418526267,
        0.11929363235458594,
        0.1419401892171465
    ]
}