{
    "eigs_regret": [
        0.037316277659851155,
        0.06028235109197343,
        0.02941160653224395,
        0.03288000716307475,
        0.03087691014571839,
        0.06227865429290266,
        0.03405293963271863,
        0.02468329656577878,
        0.040528065987466194,
        0.070396540244265,
        0.019444525704607696,
        0.017815878048921402
    ],
    "eigs_max": [
        0.1676669456877196,
        0.1479749336392514,
        0.1585224805780413,
        0.15542945613897136,
        0.148596210883984,
        0.17038721558981587,
        0.1536618654547946,
        0.15717021735880085,
        0.15292397352192402,
        0.15797537146898102,
        0.17453877945094556,
        0.1520727576015374
    ],
    "inputs_max": [
        [
            0,
            4
        ],
        [
            3,
            0
        ],
        [
            2,
            1
        ],
        [
            0,
            3
        ],
        [
            0,
            1
        ],
        [
            2,
            0
        ],
        [
            0,
            3
        ],
        [
            1,
            4
        ],
        [
            3,
            1
        ],
        [
            3,
            2
        ],
        [
            3,
            2
        ],
        [
            3,
            2
        ]
    ],
    "eigs": [
        0.13035066802786843,
        0.08769258254727798,
        0.12911087404579735,
        0.1225494489758966,
        0.11771930073826561,
        0.10810856129691321,
        0.11960892582207597,
        0.13248692079302207,
        0.11239590753445783,
        0.08757883122471602,
        0.15509425374633787,
        0.134256879552616
    ]
}