{
    "eigs_regret": [
        0.017880252027277804,
        0.04570075233751843,
        0.005113182321490082,
        0.05382450019643757,
        0.03937168832274367,
        0.06174296601881003,
        0.05284585982329331,
        0.002658230403112201,
        0.06135148010382301,
        0.010853216544894365
    ],
    "eigs_max": [
        0.2677624340399461,
        0.04560075733718513,
        0.008203745008262292,
        0.05372450519610428,
        0.03927169332241037,
        0.061642971018480076,
        0.052745864822960016,
        0.0025582354027789034,
        0.06125148510348972,
        0.010753221544561067
    ],
    "inputs_max": [
        31,
        99,
        99,
        39,
        3,
        99,
        99,
        26,
        69,
        49
    ],
    "eigs": [
        0.2498821820126683,
        -9.999500033329728e-05,
        0.0030905626867722097,
        -9.999500033329728e-05,
        -9.999500033329728e-05,
        -9.99950003299575e-05,
        -9.999500033329728e-05,
        -9.999500033329728e-05,
        -9.999500033329728e-05,
        -9.999500033329728e-05
    ]
}