{
    "eigs_regret": [
        0.031535780643813044,
        0.018282179407323074,
        0.26395092983607693,
        0.07820079161480084,
        0.10218037412972827,
        0.056605626740653614,
        0.01657922803985387,
        0.08716068263170382,
        0.20352015933046227,
        0.056368921076280776
    ],
    "eigs_max": [
        0.26452794527117585,
        0.265281843663905,
        0.2637948573034003,
        0.2630165101863895,
        0.25324029661678293,
        0.22765823104912597,
        0.22922621262594856,
        0.1912527674897765,
        0.22264471647914483,
        0.20372219234473837
    ],
    "inputs_max": [
        40,
        33,
        33,
        49,
        38,
        15,
        82,
        97,
        29,
        82
    ],
    "eigs": [
        0.2329921646273628,
        0.24699966425658193,
        -0.00015607253267665454,
        0.18481571857158866,
        0.15105992248705466,
        0.17105260430847236,
        0.21264698458609468,
        0.10409208485807267,
        0.019124557148682563,
        0.1473532712684576
    ]
}