{
    "eigs_regret": [
        0.19130002786032915,
        0.03455971349575551,
        0.1239276894498728,
        0.06723397951383236,
        0.2712121825493989,
        0.24592857932211215,
        0.056329676098994336,
        0.23791785948512556,
        0.22262486516975022,
        0.04744306861948347
    ],
    "eigs_max": [
        0.25674822320500673,
        0.24174245924152485,
        0.23598796350462062,
        0.23889710782832224,
        0.2907638798947285,
        0.269774076900262,
        0.2797011461117703,
        0.24221352504388552,
        0.24000259431839657,
        0.26145031660443735
    ],
    "inputs_max": [
        35,
        14,
        37,
        87,
        27,
        83,
        63,
        30,
        76,
        60
    ],
    "eigs": [
        0.06544819534467758,
        0.20718274574576934,
        0.11206027405474782,
        0.17166312831448988,
        0.01955169734532965,
        0.02384549757814986,
        0.223371470012776,
        0.00429566555875995,
        0.017377729148646364,
        0.21400724798495388
    ]
}