{
    "eigs_regret": [
        0.09732654530446291,
        0.1579601176962173,
        0.08368128352295545,
        0.11522282972669881,
        0.03437428621192298,
        0.10111177525530782,
        0.10023865912761269,
        0.09834833121361114,
        0.055200662196485006,
        0.12248772923309123
    ],
    "eigs_max": [
        0.2505295117855951,
        0.2755856574288037,
        0.2677837347105584,
        0.2695945348617278,
        0.24313861381453414,
        0.22966042816250007,
        0.19428891025013917,
        0.21306399163666448,
        0.20354299487918254,
        0.1474046485474883
    ],
    "inputs_max": [
        86,
        40,
        73,
        62,
        54,
        61,
        24,
        9,
        81,
        12
    ],
    "eigs": [
        0.1532029664811322,
        0.11762553973258641,
        0.18410245118760293,
        0.15437170513502899,
        0.20876432760261115,
        0.12854865290719225,
        0.09405025112252648,
        0.11471566042305334,
        0.14834233268269753,
        0.024916919314397067
    ]
}