{
    "eigs_regret": [
        0.25142995623595865,
        0.12076494173144509,
        0.08410533706090081,
        0.017464661935617576,
        0.07635545423531298,
        0.054722567901386215,
        0.04098575616921846,
        0.10956865757470616,
        0.0020372223133521827,
        0.016588788030046375
    ],
    "eigs_max": [
        0.25121973706456896,
        0.2653511791068423,
        0.2856968920144681,
        0.2731854208818425,
        0.23700977238209106,
        0.20885465120227104,
        0.22834906731234547,
        0.21215201695537678,
        0.20676296106649467,
        0.18935357370407382
    ],
    "inputs_max": [
        17,
        33,
        46,
        21,
        81,
        35,
        1,
        11,
        91,
        80
    ],
    "eigs": [
        -0.00021021917138966428,
        0.14458623737539722,
        0.20159155495356726,
        0.2557207589462249,
        0.16065431814677808,
        0.15413208330088482,
        0.18736331114312701,
        0.10258335938067062,
        0.20472573875314248,
        0.17276478567402745
    ]
}