{
    "eigs_regret": [
        0.031287810470818744,
        0.24467307946082692,
        0.014425087370603357,
        0.027686572341993454,
        0.07024345442333439,
        0.014060887788799676,
        0.07024161156829557,
        0.05143124386774316,
        0.033705355275856386,
        0.05313687223639403
    ],
    "eigs_max": [
        0.24541064944833932,
        0.25548822790237663,
        0.014325092370270059,
        0.04231853717073047,
        0.0701434594230011,
        0.036350287840909996,
        0.07863722775032674,
        0.05133124886740986,
        0.033615470318120656,
        0.05303687723606074
    ],
    "inputs_max": [
        49,
        37,
        31,
        66,
        94,
        8,
        90,
        31,
        24,
        79
    ],
    "eigs": [
        0.21412283897752057,
        0.010815148441549707,
        -9.999500033329728e-05,
        0.014631964828737016,
        -9.999500033329728e-05,
        0.02228940005211032,
        0.008395616182031163,
        -9.999500033329728e-05,
        -8.988495773573094e-05,
        -9.999500033329728e-05
    ]
}