{
    "eigs_regret": [
        0.028821455050709627,
        0.08240269080788762,
        0.1027373575922316,
        0.22929435741184895,
        0.07302963961310491,
        0.09499740483541219,
        0.03711370979813716,
        0.12141122166744468,
        -0.007303879183979678,
        0.23187208047176464
    ],
    "eigs_max": [
        0.27669555144367053,
        0.2600461087266788,
        0.28205861578802827,
        0.22914610950752826,
        0.26588554109764134,
        0.22132881213823033,
        0.2075208702041047,
        0.23475251682744394,
        0.1947396594891106,
        0.2324877492704371
    ],
    "inputs_max": [
        40,
        33,
        89,
        96,
        20,
        15,
        91,
        78,
        11,
        60
    ],
    "eigs": [
        0.2478740963929609,
        0.1776434179187912,
        0.17932125819579667,
        -0.00014824790432069567,
        0.19285590148453643,
        0.12633140730281814,
        0.17040716040596754,
        0.11334129515999926,
        0.20204353867309027,
        0.0006156687986724875
    ]
}