{
    "eigs_regret": [
        0.028005240204127646,
        0.023975557741759468,
        0.09221284456685683,
        0.25747602107791684,
        0.03746139216869157,
        0.25393029530535904,
        0.037600260224392806,
        0.06883794522902575,
        0.08305826669809174,
        0.06721959807422748
    ],
    "eigs_max": [
        0.24908392828836842,
        0.24909250224727736,
        0.27637368985808186,
        0.2573176588181515,
        0.2500126796721089,
        0.26082016219253545,
        0.24493773623953194,
        0.06873795022869246,
        0.08322472421518268,
        0.06711960307389418
    ],
    "inputs_max": [
        46,
        2,
        12,
        41,
        86,
        84,
        13,
        55,
        24,
        55
    ],
    "eigs": [
        0.22107868808424078,
        0.2251169445055179,
        0.18416084529122503,
        -0.00015836225976535533,
        0.2125512875034173,
        0.006889866887176412,
        0.20733747601513913,
        -9.999500033329728e-05,
        0.00016645751709092927,
        -9.999500033329728e-05
    ]
}