{
    "eigs_regret": [
        0.18624450008050325,
        0.08782895077156103,
        0.02029813299991176,
        0.06130847294009348,
        0.026422066899577296,
        0.075040508521623,
        0.03475694294821685,
        0.18850469588665728,
        0.04213820920008596,
        0.05369008146155177
    ],
    "eigs_max": [
        0.2812333738117781,
        0.26989790568795075,
        0.2578832448546468,
        0.25656319361939584,
        0.21106822838093853,
        0.23039496275888707,
        0.20397994972902045,
        0.20458004140182925,
        0.21668740739924686,
        0.19752333582369527
    ],
    "inputs_max": [
        29,
        27,
        8,
        4,
        57,
        62,
        59,
        97,
        50,
        37
    ],
    "eigs": [
        0.09498887373127485,
        0.18206895491638972,
        0.23758511185473505,
        0.19525472067930236,
        0.18464616148136123,
        0.15535445423726407,
        0.1692230067808036,
        0.016075345515171983,
        0.1745491981991609,
        0.1438332543621435
    ]
}