{
    "eigs_regret": [
        0.030001044101046592,
        0.11726150078675979,
        0.2796331740634486,
        0.11194792085954816,
        0.05652081439466397,
        0.0624044173079826,
        0.11601024757142578,
        0.031319327311815325,
        0.030961672351459635,
        0.026994176515543
    ],
    "eigs_max": [
        0.2579294389313802,
        0.2916286856775298,
        0.27929418701516284,
        0.28655962265429114,
        0.2895512966543037,
        0.250529379884519,
        0.2940576400457082,
        0.033932718594830026,
        0.03419808725109088,
        0.04896827082887599
    ],
    "inputs_max": [
        9,
        69,
        68,
        51,
        96,
        23,
        33,
        7,
        19,
        52
    ],
    "eigs": [
        0.2279283948303336,
        0.17436718489077002,
        -0.0003389870482857642,
        0.17461170179474297,
        0.2330304822596397,
        0.1881249625765364,
        0.17804739247428245,
        0.0026133912830147025,
        0.0032364148996312427,
        0.02197409431333299
    ]
}