{
    "eigs_regret": [
        0.11321784785614705,
        0.11355924273375312,
        0.13507339325370085,
        0.11876093015805753,
        0.07715919452049982,
        0.062227259271223107,
        0.04132618633054612,
        0.036295174150590734,
        0.06360062212449445,
        0.06498313897427149
    ],
    "eigs_max": [
        0.2552486297586319,
        0.27402916721637693,
        0.291051145507423,
        0.3045031476961351,
        0.2544991081520058,
        0.190932403515522,
        0.14821853678663008,
        0.1256212375838639,
        0.1005039754406799,
        0.11757809735261579
    ],
    "inputs_max": [
        12,
        95,
        25,
        41,
        37,
        1,
        71,
        51,
        90,
        57
    ],
    "eigs": [
        0.14203078190248483,
        0.16046992448262382,
        0.15597775225372215,
        0.1857422175380776,
        0.177339913631506,
        0.12870514424429888,
        0.10689235045608396,
        0.08932606343327316,
        0.03690335331618545,
        0.0525949583783443
    ]
}