{
    "eigs_regret": [
        0.051707213567494414,
        0.05151875357436559,
        0.039994102984511705,
        0.09888431280381413,
        0.05525387462590613,
        0.04576316857979407,
        0.024042889819384586,
        0.027584233758445858,
        0.04551183645485826,
        0.008518370611054912
    ],
    "eigs_max": [
        0.2575781172735658,
        0.04833877720676172,
        0.03989410798417841,
        0.098973281316585,
        0.06804905473391448,
        0.04566317357946077,
        0.023738036949970186,
        0.056470637328691904,
        0.04944464632944181,
        0.04308234532976814
    ],
    "inputs_max": [
        46,
        91,
        55,
        27,
        24,
        55,
        97,
        40,
        55,
        29
    ],
    "eigs": [
        0.20587090370607136,
        -0.003179976367603875,
        -9.999500033329728e-05,
        8.896851277087225e-05,
        0.012795180108008359,
        -9.999500033329728e-05,
        -0.00030485286941440016,
        0.028886403570246046,
        0.0039328098745835495,
        0.034563974718713225
    ]
}