{
    "eigs_regret": [
        0.18616822297792024,
        0.5903730871651154,
        0.5007037273202181,
        0.4792317954156703,
        0.7185920873609,
        0.6614988443560311,
        0.5464579932677789,
        0.5756555618794235,
        0.5504430633195879,
        0.3286079674776108
    ],
    "eigs_max": [
        0.9833216419093874,
        1.0682097840640636,
        0.6771674202630991,
        0.5711458352559653,
        0.5057175440769881,
        0.6104064300567267,
        0.5529557401174304,
        0.5444873153919295,
        0.5946669271795899,
        0.36018542220209926
    ],
    "inputs_max": [
        [
            [
                92.710875463404,
                16.710969228590223,
                97.59938725676824
            ],
            [
                0.3085254677377977,
                0.007874004048084662,
                0.6836005282141178
            ],
            2
        ],
        [
            [
                96.1539012877594,
                97.9534317435004,
                96.94556914752977
            ],
            [
                0.20158588264910932,
                0.4726706586500763,
                0.3257434587008143
            ],
            0
        ],
        [
            [
                88.32203937988994,
                94.58955922862499,
                89.28022389103452
            ],
            [
                0.3011273153674878,
                0.5768107875129467,
                0.1220618971195655
            ],
            0
        ],
        [
            [
                83.36711805916701,
                89.69441615762105,
                58.07931730233777
            ],
            [
                0.11863430316591438,
                0.847053449184498,
                0.03431224764958761
            ],
            0
        ],
        [
            [
                98.65240468378943,
                78.66181811252142,
                73.60255346873485
            ],
            [
                0.7457043237937492,
                0.24315217735282948,
                0.01114349885342129
            ],
            2
        ],
        [
            [
                99.3673782600223,
                98.94915628612327,
                99.51332122816791
            ],
            [
                0.30177309648907896,
                0.5188175640647902,
                0.17940933944613094
            ],
            2
        ],
        [
            [
                97.9006858818788,
                19.424732515818288,
                69.591617654957
            ],
            [
                0.8881555872301063,
                0.029642732294658174,
                0.08220168047523549
            ],
            0
        ],
        [
            [
                63.99538800474214,
                83.7500437947206,
                93.40391674017157
            ],
            [
                0.08622589031594691,
                0.4319360768719825,
                0.48183803281207077
            ],
            0
        ],
        [
            [
                70.17630228932242,
                56.280068159841164,
                98.11657394448268
            ],
            [
                0.21942637806767096,
                0.028544375012041604,
                0.7520292469202875
            ],
            1
        ],
        [
            [
                57.7688120987959,
                94.08982743820884,
                80.41894804355316
            ],
            [
                0.12477464948556813,
                0.6142640734775796,
                0.2609612770368523
            ],
            1
        ]
    ],
    "eigs": [
        0.7971534189314672,
        0.4778366968989483,
        0.176463692942881,
        0.09191403984029499,
        -0.21287454328391184,
        -0.05109241429930444,
        0.006497746849651581,
        -0.03116824648749394,
        0.04422386386000195,
        0.03157745472448848
    ]
}