{
    "eigs_regret": [
        0.13614316091061895,
        0.6787208583805677,
        0.5517265268667988,
        0.7507690288706097,
        0.9028593459443338,
        0.3533336621936819,
        0.28205066356852926,
        0.4818163680735937,
        0.3875027869325881,
        0.2887265515275316
    ],
    "eigs_max": [
        0.9389015079190857,
        1.058072528675947,
        0.7094138510136436,
        0.7091965086452464,
        0.7254303966310522,
        0.6488219308842602,
        0.3928525527007089,
        0.3871261360967172,
        0.36070073535311453,
        0.20151063048267226
    ],
    "inputs_max": [
        [
            [
                69.45305213527178,
                90.84732703773803,
                95.24969375906437
            ],
            [
                0.04894962080799536,
                0.30697125050954494,
                0.6440791286824596
            ],
            2
        ],
        [
            [
                76.60661504178175,
                99.0394405598035,
                80.47976592383883
            ],
            [
                0.3631008521243941,
                0.4535857619816951,
                0.1833133858939109
            ],
            1
        ],
        [
            [
                98.20845757653342,
                86.05817698934825,
                76.53606691308833
            ],
            [
                0.4475276066905216,
                0.005206376988599391,
                0.5472660163208789
            ],
            0
        ],
        [
            [
                51.67874387270771,
                89.79338758205662,
                94.65279212677602
            ],
            [
                0.06120322491676813,
                0.5792071715039356,
                0.35958960357929604
            ],
            0
        ],
        [
            [
                44.34777991137682,
                99.32702310635044,
                93.05953190986894
            ],
            [
                0.0653996150140313,
                0.9066086686511353,
                0.027991716334833362
            ],
            2
        ],
        [
            [
                66.83603898008887,
                34.99435587738006,
                94.26798378001277
            ],
            [
                0.05395111612209514,
                0.019976633770351773,
                0.926072250107553
            ],
            1
        ],
        [
            [
                94.87808930280511,
                22.710039145331294,
                97.43375468329
            ],
            [
                0.9483022047553524,
                0.004698643135173451,
                0.046999152109474134
            ],
            2
        ],
        [
            [
                99.28576771326235,
                22.723413455762874,
                89.14778473284774
            ],
            [
                0.9397329823147595,
                0.03139117637770198,
                0.02887584130753857
            ],
            2
        ],
        [
            [
                97.82448669925216,
                73.64558659136985,
                98.7069954193782
            ],
            [
                0.5962092345131423,
                0.22131533035977438,
                0.18247543512708325
            ],
            1
        ],
        [
            [
                97.22655630895699,
                89.3316139098886,
                43.60156723083198
            ],
            [
                0.4060689482758823,
                0.3824209372635317,
                0.21151011446058596
            ],
            0
        ]
    ],
    "eigs": [
        0.8027583470084667,
        0.3793516702953792,
        0.1576873241468448,
        -0.04157252022536334,
        -0.17742894931328157,
        0.2954882686905783,
        0.11080188913217962,
        -0.09469023197687648,
        -0.026802051579473556,
        -0.08721592104485937
    ]
}