{
    "eigs_regret": [
        0.21696796614054437,
        0.3871085610407079,
        0.3913256817816859,
        0.41709276396780903,
        0.5230687146141701,
        0.5343022271891793,
        0.3824401804357809,
        0.28296621633571245,
        0.1545283838132478,
        0.2138769563993302
    ],
    "eigs_max": [
        1.0661913466207142,
        0.954929488052592,
        0.544276621239523,
        0.2695004480058576,
        0.23434482110219357,
        0.26660139425962576,
        -6.265954842108754,
        0.10582348301691244,
        0.11253561353527168,
        -0.05701034607803927
    ],
    "inputs_max": [
        [
            [
                98.84629515106352,
                93.1772006445184,
                76.72762041827673
            ],
            [
                0.8632346652057701,
                0.053528084943408535,
                0.08323724985082143
            ],
            0
        ],
        [
            [
                89.1614824542769,
                86.14658415672632,
                70.86339108956687
            ],
            [
                0.47827023102697913,
                0.3329056844586457,
                0.18882408451437505
            ],
            0
        ],
        [
            [
                35.620332440933325,
                92.4773553821656,
                2.8121053802951046
            ],
            [
                0.04018430283174801,
                0.9131056608630497,
                0.046710036305202506
            ],
            1
        ],
        [
            [
                80.43474652762353,
                69.70849601346148,
                93.38253137462901
            ],
            [
                0.0725386233128229,
                0.19870694493981705,
                0.72875443174736
            ],
            0
        ],
        [
            [
                95.99667003429356,
                97.31361848560736,
                80.95671220246403
            ],
            [
                0.5229555987532252,
                0.2668456733647657,
                0.21019872788200922
            ],
            0
        ],
        [
            [
                99.3026253024307,
                22.05467489540702,
                77.41738735476311
            ],
            [
                0.8356878381949104,
                0.009434530911047958,
                0.1548776308940415
            ],
            1
        ],
        [
            [
                60.20573841719222,
                81.68574676052285,
                96.65241653887485
            ],
            [
                0.03925449656713298,
                0.7819782490503456,
                0.1787672543825214
            ],
            1
        ],
        [
            [
                86.75805550792226,
                4.296550087019691,
                85.64351330870431
            ],
            [
                0.4690579173220313,
                0.020807803519714715,
                0.510134279158254
            ],
            0
        ],
        [
            [
                90.49611827342655,
                87.6392184515643,
                85.49343468767783
            ],
            [
                0.16760640686812212,
                0.6113853380429155,
                0.22100825508896238
            ],
            0
        ],
        [
            [
                61.43459590649746,
                96.77456027297389,
                98.01768038155258
            ],
            [
                0.11020368448975178,
                0.6516416802949384,
                0.23815463521530986
            ],
            1
        ]
    ],
    "eigs": [
        0.8492233804801699,
        0.5678209270118841,
        0.15295093945783708,
        -0.14759231596195146,
        -0.2887238935119765,
        -0.26770083292955354,
        -6.648395022544535,
        -0.1771427333188,
        -0.041992770277976106,
        -0.2708873024773695
    ]
}