{
    "eigs_regret": [
        0.0800334342505431,
        0.586751598749542,
        0.40568891469666923,
        0.6030059061243767,
        0.8552175935276212,
        0.6732495093013272,
        0.6031236177188914,
        1.994029292009749,
        1.4893881644398377,
        1.4924850404447696
    ],
    "eigs_max": [
        0.8993448912447605,
        1.039111443557726,
        0.634357237358341,
        0.661280401108402,
        0.5792931236017581,
        0.4024847734846677,
        0.40458291462586615,
        -11.083558094583832,
        -12.316026785416794,
        -12.411762620304101
    ],
    "inputs_max": [
        [
            [
                99.28740909464065,
                56.56255591863728,
                84.77035173520372
            ],
            [
                0.8528268594423557,
                0.10094248594436296,
                0.046230654613281415
            ],
            2
        ],
        [
            [
                99.15168496786681,
                80.12112678022233,
                96.677630479279
            ],
            [
                0.2240169814960443,
                0.4117996266186049,
                0.36418339188535087
            ],
            1
        ],
        [
            [
                74.70935267012906,
                89.61537489103677,
                94.65497885408294
            ],
            [
                0.01919523029899067,
                0.9089340268590137,
                0.07187074284199557
            ],
            1
        ],
        [
            [
                19.39687632956868,
                97.16772060572913,
                95.46470509341319
            ],
            [
                0.020226991508346587,
                0.2907491874811574,
                0.6890238210104961
            ],
            0
        ],
        [
            [
                65.8188898667933,
                94.79435542386386,
                90.60812966823886
            ],
            [
                0.02356403226020365,
                0.3669191778054024,
                0.609516789934394
            ],
            2
        ],
        [
            [
                94.45601201836358,
                93.97786083955243,
                95.11570448631257
            ],
            [
                0.23923561242810068,
                0.396453773738531,
                0.36431061383336844
            ],
            0
        ],
        [
            [
                66.8751488235156,
                43.20244411634201,
                96.96417397900905
            ],
            [
                0.005844657398117536,
                0.05350036032424178,
                0.9406549822776407
            ],
            0
        ],
        [
            [
                99.95298655932518,
                65.53048941968687,
                60.1949449596251
            ],
            [
                0.8591551020677338,
                0.04880186619585729,
                0.09204303173640878
            ],
            2
        ],
        [
            [
                75.06465557087401,
                90.49849079057664,
                96.0741943409613
            ],
            [
                0.07847118971224835,
                0.0859975042411063,
                0.8355313060466453
            ],
            1
        ],
        [
            [
                91.71500571042526,
                44.742567535984634,
                97.13777393232216
            ],
            [
                0.03244736446606363,
                0.15214939568439675,
                0.8154032398495397
            ],
            1
        ]
    ],
    "eigs": [
        0.8193114569942174,
        0.45235984480818403,
        0.22866832266167184,
        0.05827449498402533,
        -0.27592446992586306,
        -0.2707647358166595,
        -0.19854070309302535,
        -13.077587386593581,
        -13.805414949856631,
        -13.90424766074887
    ]
}