{
    "eigs_regret": [
        0.6589188625158581,
        0.38480910077586883,
        -0.0853009578681404,
        0.7543463105194345,
        0.8497831422575876,
        0.5542038436635506,
        0.35681896330400464,
        0.3805008038966544,
        0.3932244924190592,
        0.41264959969034865
    ],
    "eigs_max": [
        1.0480065402056071,
        0.7679590967870915,
        0.6230193919196069,
        0.6630611518231078,
        0.5447157634024032,
        0.48257927631052494,
        0.47317087924017526,
        0.2544561166726502,
        0.24649306394896098,
        0.24740871079978224
    ],
    "inputs_max": [
        [
            [
                17.680360850174402,
                98.27379027740902,
                97.36927550990066
            ],
            [
                0.04777565483535655,
                0.6094934142160585,
                0.342730930948585
            ],
            1
        ],
        [
            [
                74.04945912594508,
                99.84267451706988,
                44.36866386985342
            ],
            [
                0.2584616738902395,
                0.7394627089010208,
                0.002075617208739577
            ],
            2
        ],
        [
            [
                84.27450151372948,
                59.40942506391437,
                85.62594603159451
            ],
            [
                0.7082802504317721,
                0.04869820003433311,
                0.24302154953389482
            ],
            1
        ],
        [
            [
                99.50971665109489,
                25.6388844411538,
                87.47319555324499
            ],
            [
                0.19187331619844503,
                0.15292867321071868,
                0.6551980105908363
            ],
            1
        ],
        [
            [
                93.65198176069192,
                60.08368230530265,
                82.02315636292163
            ],
            [
                0.7876398946835766,
                0.13787605413549964,
                0.07448405118092376
            ],
            1
        ],
        [
            [
                54.03250587414239,
                94.13117186370353,
                87.25415828042509
            ],
            [
                0.1332656575728085,
                0.5157949222516406,
                0.3509394201755508
            ],
            0
        ],
        [
            [
                95.65606870337916,
                90.59144084097376,
                90.36700257340154
            ],
            [
                0.4909942311197366,
                0.08024826227847248,
                0.42875750660179096
            ],
            0
        ],
        [
            [
                81.74797405538794,
                99.90115809096775,
                80.4262020432263
            ],
            [
                0.41619217615867277,
                0.49894193565013717,
                0.08486588819118993
            ],
            0
        ],
        [
            [
                98.59648502389244,
                80.88651520429396,
                95.98600993271504
            ],
            [
                0.3386178463433643,
                0.4175100932698398,
                0.24387206038679593
            ],
            2
        ],
        [
            [
                72.01768174399886,
                98.06968756881183,
                83.1867706859147
            ],
            [
                0.0626464186620451,
                0.6643128791006849,
                0.27304070223726995
            ],
            0
        ]
    ],
    "eigs": [
        0.38908767768974906,
        0.3831499960112227,
        0.7083203497877473,
        -0.09128515869632672,
        -0.3050673788551843,
        -0.07162456735302568,
        0.11635191593617064,
        -0.1260446872240042,
        -0.1467314284700982,
        -0.16524088889056643
    ]
}